#
# TABLE STRUCTURE FOR: communities
#

DROP TABLE IF EXISTS `communities`;

CREATE TABLE `communities` (
  `id` int(10) unsigned NOT NULL AUTO_INCREMENT,
  `name` varchar(150) COLLATE utf8_unicode_ci NOT NULL,
  PRIMARY KEY (`id`),
  UNIQUE KEY `name` (`name`)
) ENGINE=InnoDB AUTO_INCREMENT=101 DEFAULT CHARSET=utf8 COLLATE=utf8_unicode_ci;

INSERT INTO `communities` (`id`, `name`) VALUES (75, 'a');
INSERT INTO `communities` (`id`, `name`) VALUES (90, 'ab');
INSERT INTO `communities` (`id`, `name`) VALUES (40, 'accusamus');
INSERT INTO `communities` (`id`, `name`) VALUES (56, 'aliquam');
INSERT INTO `communities` (`id`, `name`) VALUES (82, 'aliquid');
INSERT INTO `communities` (`id`, `name`) VALUES (55, 'amet');
INSERT INTO `communities` (`id`, `name`) VALUES (36, 'animi');
INSERT INTO `communities` (`id`, `name`) VALUES (72, 'architecto');
INSERT INTO `communities` (`id`, `name`) VALUES (4, 'aspernatur');
INSERT INTO `communities` (`id`, `name`) VALUES (47, 'assumenda');
INSERT INTO `communities` (`id`, `name`) VALUES (22, 'at');
INSERT INTO `communities` (`id`, `name`) VALUES (8, 'aut');
INSERT INTO `communities` (`id`, `name`) VALUES (77, 'beatae');
INSERT INTO `communities` (`id`, `name`) VALUES (62, 'blanditiis');
INSERT INTO `communities` (`id`, `name`) VALUES (17, 'consectetur');
INSERT INTO `communities` (`id`, `name`) VALUES (54, 'consequatur');
INSERT INTO `communities` (`id`, `name`) VALUES (98, 'consequuntur');
INSERT INTO `communities` (`id`, `name`) VALUES (51, 'corporis');
INSERT INTO `communities` (`id`, `name`) VALUES (68, 'corrupti');
INSERT INTO `communities` (`id`, `name`) VALUES (61, 'cum');
INSERT INTO `communities` (`id`, `name`) VALUES (92, 'debitis');
INSERT INTO `communities` (`id`, `name`) VALUES (86, 'dicta');
INSERT INTO `communities` (`id`, `name`) VALUES (44, 'dolor');
INSERT INTO `communities` (`id`, `name`) VALUES (84, 'dolorem');
INSERT INTO `communities` (`id`, `name`) VALUES (26, 'dolores');
INSERT INTO `communities` (`id`, `name`) VALUES (83, 'doloribus');
INSERT INTO `communities` (`id`, `name`) VALUES (49, 'dolorum');
INSERT INTO `communities` (`id`, `name`) VALUES (85, 'ducimus');
INSERT INTO `communities` (`id`, `name`) VALUES (70, 'ea');
INSERT INTO `communities` (`id`, `name`) VALUES (30, 'eligendi');
INSERT INTO `communities` (`id`, `name`) VALUES (27, 'enim');
INSERT INTO `communities` (`id`, `name`) VALUES (12, 'eos');
INSERT INTO `communities` (`id`, `name`) VALUES (63, 'est');
INSERT INTO `communities` (`id`, `name`) VALUES (7, 'et');
INSERT INTO `communities` (`id`, `name`) VALUES (42, 'eveniet');
INSERT INTO `communities` (`id`, `name`) VALUES (69, 'excepturi');
INSERT INTO `communities` (`id`, `name`) VALUES (1, 'expedita');
INSERT INTO `communities` (`id`, `name`) VALUES (99, 'facere');
INSERT INTO `communities` (`id`, `name`) VALUES (93, 'fugiat');
INSERT INTO `communities` (`id`, `name`) VALUES (89, 'fugit');
INSERT INTO `communities` (`id`, `name`) VALUES (25, 'harum');
INSERT INTO `communities` (`id`, `name`) VALUES (50, 'id');
INSERT INTO `communities` (`id`, `name`) VALUES (45, 'illo');
INSERT INTO `communities` (`id`, `name`) VALUES (28, 'illum');
INSERT INTO `communities` (`id`, `name`) VALUES (20, 'itaque');
INSERT INTO `communities` (`id`, `name`) VALUES (67, 'iusto');
INSERT INTO `communities` (`id`, `name`) VALUES (33, 'labore');
INSERT INTO `communities` (`id`, `name`) VALUES (18, 'laboriosam');
INSERT INTO `communities` (`id`, `name`) VALUES (97, 'laudantium');
INSERT INTO `communities` (`id`, `name`) VALUES (76, 'libero');
INSERT INTO `communities` (`id`, `name`) VALUES (46, 'magni');
INSERT INTO `communities` (`id`, `name`) VALUES (100, 'maiores');
INSERT INTO `communities` (`id`, `name`) VALUES (6, 'maxime');
INSERT INTO `communities` (`id`, `name`) VALUES (71, 'minima');
INSERT INTO `communities` (`id`, `name`) VALUES (80, 'modi');
INSERT INTO `communities` (`id`, `name`) VALUES (79, 'molestiae');
INSERT INTO `communities` (`id`, `name`) VALUES (35, 'mollitia');
INSERT INTO `communities` (`id`, `name`) VALUES (16, 'necessitatibus');
INSERT INTO `communities` (`id`, `name`) VALUES (31, 'nemo');
INSERT INTO `communities` (`id`, `name`) VALUES (64, 'nisi');
INSERT INTO `communities` (`id`, `name`) VALUES (91, 'nobis');
INSERT INTO `communities` (`id`, `name`) VALUES (39, 'non');
INSERT INTO `communities` (`id`, `name`) VALUES (37, 'nostrum');
INSERT INTO `communities` (`id`, `name`) VALUES (53, 'odio');
INSERT INTO `communities` (`id`, `name`) VALUES (52, 'odit');
INSERT INTO `communities` (`id`, `name`) VALUES (34, 'omnis');
INSERT INTO `communities` (`id`, `name`) VALUES (41, 'optio');
INSERT INTO `communities` (`id`, `name`) VALUES (60, 'perferendis');
INSERT INTO `communities` (`id`, `name`) VALUES (9, 'placeat');
INSERT INTO `communities` (`id`, `name`) VALUES (14, 'provident');
INSERT INTO `communities` (`id`, `name`) VALUES (24, 'quaerat');
INSERT INTO `communities` (`id`, `name`) VALUES (23, 'quasi');
INSERT INTO `communities` (`id`, `name`) VALUES (10, 'qui');
INSERT INTO `communities` (`id`, `name`) VALUES (74, 'quia');
INSERT INTO `communities` (`id`, `name`) VALUES (19, 'quo');
INSERT INTO `communities` (`id`, `name`) VALUES (3, 'quod');
INSERT INTO `communities` (`id`, `name`) VALUES (81, 'quos');
INSERT INTO `communities` (`id`, `name`) VALUES (78, 'recusandae');
INSERT INTO `communities` (`id`, `name`) VALUES (94, 'reiciendis');
INSERT INTO `communities` (`id`, `name`) VALUES (21, 'repudiandae');
INSERT INTO `communities` (`id`, `name`) VALUES (88, 'saepe');
INSERT INTO `communities` (`id`, `name`) VALUES (96, 'sapiente');
INSERT INTO `communities` (`id`, `name`) VALUES (65, 'sed');
INSERT INTO `communities` (`id`, `name`) VALUES (87, 'similique');
INSERT INTO `communities` (`id`, `name`) VALUES (43, 'sint');
INSERT INTO `communities` (`id`, `name`) VALUES (48, 'sit');
INSERT INTO `communities` (`id`, `name`) VALUES (66, 'soluta');
INSERT INTO `communities` (`id`, `name`) VALUES (73, 'sunt');
INSERT INTO `communities` (`id`, `name`) VALUES (2, 'suscipit');
INSERT INTO `communities` (`id`, `name`) VALUES (5, 'tempore');
INSERT INTO `communities` (`id`, `name`) VALUES (57, 'tenetur');
INSERT INTO `communities` (`id`, `name`) VALUES (59, 'totam');
INSERT INTO `communities` (`id`, `name`) VALUES (32, 'unde');
INSERT INTO `communities` (`id`, `name`) VALUES (13, 'ut');
INSERT INTO `communities` (`id`, `name`) VALUES (58, 'vel');
INSERT INTO `communities` (`id`, `name`) VALUES (38, 'velit');
INSERT INTO `communities` (`id`, `name`) VALUES (29, 'veniam');
INSERT INTO `communities` (`id`, `name`) VALUES (15, 'voluptas');
INSERT INTO `communities` (`id`, `name`) VALUES (11, 'voluptatem');
INSERT INTO `communities` (`id`, `name`) VALUES (95, 'voluptatum');


#
# TABLE STRUCTURE FOR: communities_users
#

DROP TABLE IF EXISTS `communities_users`;

CREATE TABLE `communities_users` (
  `community_id` int(10) unsigned NOT NULL,
  `user_id` int(10) unsigned NOT NULL,
  PRIMARY KEY (`community_id`,`user_id`)
) ENGINE=InnoDB DEFAULT CHARSET=utf8 COLLATE=utf8_unicode_ci;

INSERT INTO `communities_users` (`community_id`, `user_id`) VALUES (1, 1);
INSERT INTO `communities_users` (`community_id`, `user_id`) VALUES (2, 2);
INSERT INTO `communities_users` (`community_id`, `user_id`) VALUES (3, 3);
INSERT INTO `communities_users` (`community_id`, `user_id`) VALUES (4, 4);
INSERT INTO `communities_users` (`community_id`, `user_id`) VALUES (5, 5);
INSERT INTO `communities_users` (`community_id`, `user_id`) VALUES (6, 6);
INSERT INTO `communities_users` (`community_id`, `user_id`) VALUES (7, 7);
INSERT INTO `communities_users` (`community_id`, `user_id`) VALUES (8, 8);
INSERT INTO `communities_users` (`community_id`, `user_id`) VALUES (9, 9);
INSERT INTO `communities_users` (`community_id`, `user_id`) VALUES (10, 10);
INSERT INTO `communities_users` (`community_id`, `user_id`) VALUES (11, 11);
INSERT INTO `communities_users` (`community_id`, `user_id`) VALUES (12, 12);
INSERT INTO `communities_users` (`community_id`, `user_id`) VALUES (13, 13);
INSERT INTO `communities_users` (`community_id`, `user_id`) VALUES (14, 14);
INSERT INTO `communities_users` (`community_id`, `user_id`) VALUES (15, 15);
INSERT INTO `communities_users` (`community_id`, `user_id`) VALUES (16, 16);
INSERT INTO `communities_users` (`community_id`, `user_id`) VALUES (17, 17);
INSERT INTO `communities_users` (`community_id`, `user_id`) VALUES (18, 18);
INSERT INTO `communities_users` (`community_id`, `user_id`) VALUES (19, 19);
INSERT INTO `communities_users` (`community_id`, `user_id`) VALUES (20, 20);
INSERT INTO `communities_users` (`community_id`, `user_id`) VALUES (21, 21);
INSERT INTO `communities_users` (`community_id`, `user_id`) VALUES (22, 22);
INSERT INTO `communities_users` (`community_id`, `user_id`) VALUES (23, 23);
INSERT INTO `communities_users` (`community_id`, `user_id`) VALUES (24, 24);
INSERT INTO `communities_users` (`community_id`, `user_id`) VALUES (25, 25);
INSERT INTO `communities_users` (`community_id`, `user_id`) VALUES (26, 26);
INSERT INTO `communities_users` (`community_id`, `user_id`) VALUES (27, 27);
INSERT INTO `communities_users` (`community_id`, `user_id`) VALUES (28, 28);
INSERT INTO `communities_users` (`community_id`, `user_id`) VALUES (29, 29);
INSERT INTO `communities_users` (`community_id`, `user_id`) VALUES (30, 30);
INSERT INTO `communities_users` (`community_id`, `user_id`) VALUES (31, 31);
INSERT INTO `communities_users` (`community_id`, `user_id`) VALUES (32, 32);
INSERT INTO `communities_users` (`community_id`, `user_id`) VALUES (33, 33);
INSERT INTO `communities_users` (`community_id`, `user_id`) VALUES (34, 34);
INSERT INTO `communities_users` (`community_id`, `user_id`) VALUES (35, 35);
INSERT INTO `communities_users` (`community_id`, `user_id`) VALUES (36, 36);
INSERT INTO `communities_users` (`community_id`, `user_id`) VALUES (37, 37);
INSERT INTO `communities_users` (`community_id`, `user_id`) VALUES (38, 38);
INSERT INTO `communities_users` (`community_id`, `user_id`) VALUES (39, 39);
INSERT INTO `communities_users` (`community_id`, `user_id`) VALUES (40, 40);
INSERT INTO `communities_users` (`community_id`, `user_id`) VALUES (41, 41);
INSERT INTO `communities_users` (`community_id`, `user_id`) VALUES (42, 42);
INSERT INTO `communities_users` (`community_id`, `user_id`) VALUES (43, 43);
INSERT INTO `communities_users` (`community_id`, `user_id`) VALUES (44, 44);
INSERT INTO `communities_users` (`community_id`, `user_id`) VALUES (45, 45);
INSERT INTO `communities_users` (`community_id`, `user_id`) VALUES (46, 46);
INSERT INTO `communities_users` (`community_id`, `user_id`) VALUES (47, 47);
INSERT INTO `communities_users` (`community_id`, `user_id`) VALUES (48, 48);
INSERT INTO `communities_users` (`community_id`, `user_id`) VALUES (49, 49);
INSERT INTO `communities_users` (`community_id`, `user_id`) VALUES (50, 50);
INSERT INTO `communities_users` (`community_id`, `user_id`) VALUES (51, 51);
INSERT INTO `communities_users` (`community_id`, `user_id`) VALUES (52, 52);
INSERT INTO `communities_users` (`community_id`, `user_id`) VALUES (53, 53);
INSERT INTO `communities_users` (`community_id`, `user_id`) VALUES (54, 54);
INSERT INTO `communities_users` (`community_id`, `user_id`) VALUES (55, 55);
INSERT INTO `communities_users` (`community_id`, `user_id`) VALUES (56, 56);
INSERT INTO `communities_users` (`community_id`, `user_id`) VALUES (57, 57);
INSERT INTO `communities_users` (`community_id`, `user_id`) VALUES (58, 58);
INSERT INTO `communities_users` (`community_id`, `user_id`) VALUES (59, 59);
INSERT INTO `communities_users` (`community_id`, `user_id`) VALUES (60, 60);
INSERT INTO `communities_users` (`community_id`, `user_id`) VALUES (61, 61);
INSERT INTO `communities_users` (`community_id`, `user_id`) VALUES (62, 62);
INSERT INTO `communities_users` (`community_id`, `user_id`) VALUES (63, 63);
INSERT INTO `communities_users` (`community_id`, `user_id`) VALUES (64, 64);
INSERT INTO `communities_users` (`community_id`, `user_id`) VALUES (65, 65);
INSERT INTO `communities_users` (`community_id`, `user_id`) VALUES (66, 66);
INSERT INTO `communities_users` (`community_id`, `user_id`) VALUES (67, 67);
INSERT INTO `communities_users` (`community_id`, `user_id`) VALUES (68, 68);
INSERT INTO `communities_users` (`community_id`, `user_id`) VALUES (69, 69);
INSERT INTO `communities_users` (`community_id`, `user_id`) VALUES (70, 70);
INSERT INTO `communities_users` (`community_id`, `user_id`) VALUES (71, 71);
INSERT INTO `communities_users` (`community_id`, `user_id`) VALUES (72, 72);
INSERT INTO `communities_users` (`community_id`, `user_id`) VALUES (73, 73);
INSERT INTO `communities_users` (`community_id`, `user_id`) VALUES (74, 74);
INSERT INTO `communities_users` (`community_id`, `user_id`) VALUES (75, 75);
INSERT INTO `communities_users` (`community_id`, `user_id`) VALUES (76, 76);
INSERT INTO `communities_users` (`community_id`, `user_id`) VALUES (77, 77);
INSERT INTO `communities_users` (`community_id`, `user_id`) VALUES (78, 78);
INSERT INTO `communities_users` (`community_id`, `user_id`) VALUES (79, 79);
INSERT INTO `communities_users` (`community_id`, `user_id`) VALUES (80, 80);
INSERT INTO `communities_users` (`community_id`, `user_id`) VALUES (81, 81);
INSERT INTO `communities_users` (`community_id`, `user_id`) VALUES (82, 82);
INSERT INTO `communities_users` (`community_id`, `user_id`) VALUES (83, 83);
INSERT INTO `communities_users` (`community_id`, `user_id`) VALUES (84, 84);
INSERT INTO `communities_users` (`community_id`, `user_id`) VALUES (85, 85);
INSERT INTO `communities_users` (`community_id`, `user_id`) VALUES (86, 86);
INSERT INTO `communities_users` (`community_id`, `user_id`) VALUES (87, 87);
INSERT INTO `communities_users` (`community_id`, `user_id`) VALUES (88, 88);
INSERT INTO `communities_users` (`community_id`, `user_id`) VALUES (89, 89);
INSERT INTO `communities_users` (`community_id`, `user_id`) VALUES (90, 90);
INSERT INTO `communities_users` (`community_id`, `user_id`) VALUES (91, 91);
INSERT INTO `communities_users` (`community_id`, `user_id`) VALUES (92, 92);
INSERT INTO `communities_users` (`community_id`, `user_id`) VALUES (93, 93);
INSERT INTO `communities_users` (`community_id`, `user_id`) VALUES (94, 94);
INSERT INTO `communities_users` (`community_id`, `user_id`) VALUES (95, 95);
INSERT INTO `communities_users` (`community_id`, `user_id`) VALUES (96, 96);
INSERT INTO `communities_users` (`community_id`, `user_id`) VALUES (97, 97);
INSERT INTO `communities_users` (`community_id`, `user_id`) VALUES (98, 98);
INSERT INTO `communities_users` (`community_id`, `user_id`) VALUES (99, 99);
INSERT INTO `communities_users` (`community_id`, `user_id`) VALUES (100, 100);


#
# TABLE STRUCTURE FOR: friendship
#

DROP TABLE IF EXISTS `friendship`;

CREATE TABLE `friendship` (
  `user_id` int(10) unsigned NOT NULL,
  `friend_id` int(10) unsigned NOT NULL,
  `status_id` int(10) unsigned NOT NULL,
  `requested_at` datetime DEFAULT current_timestamp(),
  `confirmed_at` datetime DEFAULT NULL,
  PRIMARY KEY (`user_id`,`friend_id`)
) ENGINE=InnoDB DEFAULT CHARSET=utf8 COLLATE=utf8_unicode_ci;

INSERT INTO `friendship` (`user_id`, `friend_id`, `status_id`, `requested_at`, `confirmed_at`) VALUES (1, 1, 1, '2009-12-19 16:38:03', '2016-06-29 06:06:52');
INSERT INTO `friendship` (`user_id`, `friend_id`, `status_id`, `requested_at`, `confirmed_at`) VALUES (2, 2, 2, '2007-10-22 15:47:34', '1972-10-09 10:50:21');
INSERT INTO `friendship` (`user_id`, `friend_id`, `status_id`, `requested_at`, `confirmed_at`) VALUES (3, 3, 3, '2007-05-08 08:33:24', '1988-04-09 03:25:43');
INSERT INTO `friendship` (`user_id`, `friend_id`, `status_id`, `requested_at`, `confirmed_at`) VALUES (4, 4, 4, '1990-11-29 05:11:21', '1998-11-09 00:22:54');
INSERT INTO `friendship` (`user_id`, `friend_id`, `status_id`, `requested_at`, `confirmed_at`) VALUES (5, 5, 5, '1972-09-27 19:49:39', '2010-10-15 09:34:43');
INSERT INTO `friendship` (`user_id`, `friend_id`, `status_id`, `requested_at`, `confirmed_at`) VALUES (6, 6, 6, '1985-04-24 19:40:52', '1980-09-22 11:30:04');
INSERT INTO `friendship` (`user_id`, `friend_id`, `status_id`, `requested_at`, `confirmed_at`) VALUES (7, 7, 7, '2001-04-02 08:46:23', '1995-02-12 22:17:40');
INSERT INTO `friendship` (`user_id`, `friend_id`, `status_id`, `requested_at`, `confirmed_at`) VALUES (8, 8, 8, '2003-11-24 11:24:02', '2006-12-14 17:54:46');
INSERT INTO `friendship` (`user_id`, `friend_id`, `status_id`, `requested_at`, `confirmed_at`) VALUES (9, 9, 9, '1974-12-24 05:40:28', '1980-05-05 07:26:44');
INSERT INTO `friendship` (`user_id`, `friend_id`, `status_id`, `requested_at`, `confirmed_at`) VALUES (10, 10, 10, '1997-02-09 00:04:22', '1991-12-15 16:01:38');
INSERT INTO `friendship` (`user_id`, `friend_id`, `status_id`, `requested_at`, `confirmed_at`) VALUES (11, 11, 11, '1990-12-22 15:51:51', '1975-04-13 20:18:24');
INSERT INTO `friendship` (`user_id`, `friend_id`, `status_id`, `requested_at`, `confirmed_at`) VALUES (12, 12, 12, '1984-12-12 09:22:53', '2016-08-26 12:39:59');
INSERT INTO `friendship` (`user_id`, `friend_id`, `status_id`, `requested_at`, `confirmed_at`) VALUES (13, 13, 13, '1993-09-08 10:23:16', '1983-03-30 01:51:08');
INSERT INTO `friendship` (`user_id`, `friend_id`, `status_id`, `requested_at`, `confirmed_at`) VALUES (14, 14, 14, '1979-03-21 20:27:53', '1993-03-24 14:32:41');
INSERT INTO `friendship` (`user_id`, `friend_id`, `status_id`, `requested_at`, `confirmed_at`) VALUES (15, 15, 15, '2005-01-01 05:22:38', '2017-08-01 14:31:56');
INSERT INTO `friendship` (`user_id`, `friend_id`, `status_id`, `requested_at`, `confirmed_at`) VALUES (16, 16, 16, '1970-06-11 17:45:26', '2003-08-03 06:30:54');
INSERT INTO `friendship` (`user_id`, `friend_id`, `status_id`, `requested_at`, `confirmed_at`) VALUES (17, 17, 17, '1982-04-15 07:00:44', '2014-01-15 13:04:36');
INSERT INTO `friendship` (`user_id`, `friend_id`, `status_id`, `requested_at`, `confirmed_at`) VALUES (18, 18, 18, '1987-06-18 20:01:41', '1994-11-06 00:02:55');
INSERT INTO `friendship` (`user_id`, `friend_id`, `status_id`, `requested_at`, `confirmed_at`) VALUES (19, 19, 19, '1996-11-22 05:33:45', '1982-05-14 23:18:59');
INSERT INTO `friendship` (`user_id`, `friend_id`, `status_id`, `requested_at`, `confirmed_at`) VALUES (20, 20, 20, '1995-02-01 16:25:55', '1978-02-19 09:42:49');
INSERT INTO `friendship` (`user_id`, `friend_id`, `status_id`, `requested_at`, `confirmed_at`) VALUES (21, 21, 21, '1973-11-30 05:05:45', '1996-09-24 21:16:49');
INSERT INTO `friendship` (`user_id`, `friend_id`, `status_id`, `requested_at`, `confirmed_at`) VALUES (22, 22, 22, '1978-09-14 05:20:17', '2011-03-13 15:49:18');
INSERT INTO `friendship` (`user_id`, `friend_id`, `status_id`, `requested_at`, `confirmed_at`) VALUES (23, 23, 23, '1989-02-08 01:54:36', '2006-12-18 13:07:01');
INSERT INTO `friendship` (`user_id`, `friend_id`, `status_id`, `requested_at`, `confirmed_at`) VALUES (24, 24, 24, '1980-06-06 13:50:32', '2017-01-20 19:49:50');
INSERT INTO `friendship` (`user_id`, `friend_id`, `status_id`, `requested_at`, `confirmed_at`) VALUES (25, 25, 25, '1985-11-11 23:56:10', '1990-01-08 17:53:35');
INSERT INTO `friendship` (`user_id`, `friend_id`, `status_id`, `requested_at`, `confirmed_at`) VALUES (26, 26, 26, '1976-08-03 12:24:57', '1972-12-16 23:09:01');
INSERT INTO `friendship` (`user_id`, `friend_id`, `status_id`, `requested_at`, `confirmed_at`) VALUES (27, 27, 27, '1982-12-26 20:43:07', '2012-06-23 05:57:26');
INSERT INTO `friendship` (`user_id`, `friend_id`, `status_id`, `requested_at`, `confirmed_at`) VALUES (28, 28, 28, '2010-01-09 23:50:52', '1982-07-13 14:03:51');
INSERT INTO `friendship` (`user_id`, `friend_id`, `status_id`, `requested_at`, `confirmed_at`) VALUES (29, 29, 29, '2009-04-06 10:53:17', '2017-10-12 21:02:56');
INSERT INTO `friendship` (`user_id`, `friend_id`, `status_id`, `requested_at`, `confirmed_at`) VALUES (30, 30, 30, '1971-04-13 04:40:50', '1989-06-21 16:10:14');
INSERT INTO `friendship` (`user_id`, `friend_id`, `status_id`, `requested_at`, `confirmed_at`) VALUES (31, 31, 31, '1985-05-17 11:48:30', '2001-08-17 08:34:37');
INSERT INTO `friendship` (`user_id`, `friend_id`, `status_id`, `requested_at`, `confirmed_at`) VALUES (32, 32, 32, '1998-03-07 01:41:31', '1995-04-01 08:06:14');
INSERT INTO `friendship` (`user_id`, `friend_id`, `status_id`, `requested_at`, `confirmed_at`) VALUES (33, 33, 33, '1977-12-10 06:58:44', '1996-02-29 00:26:59');
INSERT INTO `friendship` (`user_id`, `friend_id`, `status_id`, `requested_at`, `confirmed_at`) VALUES (34, 34, 34, '1974-09-05 07:09:04', '1994-08-11 11:17:55');
INSERT INTO `friendship` (`user_id`, `friend_id`, `status_id`, `requested_at`, `confirmed_at`) VALUES (35, 35, 35, '1997-09-18 04:56:59', '1983-11-10 23:21:29');
INSERT INTO `friendship` (`user_id`, `friend_id`, `status_id`, `requested_at`, `confirmed_at`) VALUES (36, 36, 36, '2005-09-30 22:11:53', '1991-10-27 00:03:10');
INSERT INTO `friendship` (`user_id`, `friend_id`, `status_id`, `requested_at`, `confirmed_at`) VALUES (37, 37, 37, '1991-02-21 05:35:30', '1970-10-21 21:04:26');
INSERT INTO `friendship` (`user_id`, `friend_id`, `status_id`, `requested_at`, `confirmed_at`) VALUES (38, 38, 38, '1986-07-08 05:21:02', '2001-02-22 19:54:32');
INSERT INTO `friendship` (`user_id`, `friend_id`, `status_id`, `requested_at`, `confirmed_at`) VALUES (39, 39, 39, '2007-12-10 09:04:15', '1974-06-22 09:56:55');
INSERT INTO `friendship` (`user_id`, `friend_id`, `status_id`, `requested_at`, `confirmed_at`) VALUES (40, 40, 40, '2019-08-27 16:36:07', '2006-07-31 08:43:31');
INSERT INTO `friendship` (`user_id`, `friend_id`, `status_id`, `requested_at`, `confirmed_at`) VALUES (41, 41, 41, '1998-10-07 18:46:06', '2002-12-07 03:33:25');
INSERT INTO `friendship` (`user_id`, `friend_id`, `status_id`, `requested_at`, `confirmed_at`) VALUES (42, 42, 42, '1973-01-19 06:53:31', '2015-01-24 12:30:35');
INSERT INTO `friendship` (`user_id`, `friend_id`, `status_id`, `requested_at`, `confirmed_at`) VALUES (43, 43, 43, '2004-07-09 10:33:20', '2008-04-18 07:40:27');
INSERT INTO `friendship` (`user_id`, `friend_id`, `status_id`, `requested_at`, `confirmed_at`) VALUES (44, 44, 44, '1997-05-26 03:26:49', '2010-06-21 02:59:41');
INSERT INTO `friendship` (`user_id`, `friend_id`, `status_id`, `requested_at`, `confirmed_at`) VALUES (45, 45, 45, '1999-11-19 20:14:14', '1975-01-12 01:04:51');
INSERT INTO `friendship` (`user_id`, `friend_id`, `status_id`, `requested_at`, `confirmed_at`) VALUES (46, 46, 46, '1970-02-22 14:28:36', '2010-05-26 16:16:05');
INSERT INTO `friendship` (`user_id`, `friend_id`, `status_id`, `requested_at`, `confirmed_at`) VALUES (47, 47, 47, '1976-03-10 21:41:30', '1990-09-10 13:21:25');
INSERT INTO `friendship` (`user_id`, `friend_id`, `status_id`, `requested_at`, `confirmed_at`) VALUES (48, 48, 48, '1978-04-16 17:10:40', '1993-03-02 13:42:14');
INSERT INTO `friendship` (`user_id`, `friend_id`, `status_id`, `requested_at`, `confirmed_at`) VALUES (49, 49, 49, '1987-12-27 09:26:50', '2018-09-01 15:02:47');
INSERT INTO `friendship` (`user_id`, `friend_id`, `status_id`, `requested_at`, `confirmed_at`) VALUES (50, 50, 50, '2009-02-21 21:18:17', '1992-02-04 13:59:39');
INSERT INTO `friendship` (`user_id`, `friend_id`, `status_id`, `requested_at`, `confirmed_at`) VALUES (51, 51, 51, '1987-09-04 16:04:12', '1974-12-12 19:07:19');
INSERT INTO `friendship` (`user_id`, `friend_id`, `status_id`, `requested_at`, `confirmed_at`) VALUES (52, 52, 52, '1985-05-06 20:58:41', '1983-12-27 01:15:11');
INSERT INTO `friendship` (`user_id`, `friend_id`, `status_id`, `requested_at`, `confirmed_at`) VALUES (53, 53, 53, '2019-09-06 11:32:48', '1976-01-05 18:19:10');
INSERT INTO `friendship` (`user_id`, `friend_id`, `status_id`, `requested_at`, `confirmed_at`) VALUES (54, 54, 54, '1988-10-19 11:33:10', '2015-11-21 14:29:33');
INSERT INTO `friendship` (`user_id`, `friend_id`, `status_id`, `requested_at`, `confirmed_at`) VALUES (55, 55, 55, '1987-12-10 01:11:13', '2016-08-31 05:46:51');
INSERT INTO `friendship` (`user_id`, `friend_id`, `status_id`, `requested_at`, `confirmed_at`) VALUES (56, 56, 56, '1997-10-28 22:47:45', '1992-03-03 23:05:17');
INSERT INTO `friendship` (`user_id`, `friend_id`, `status_id`, `requested_at`, `confirmed_at`) VALUES (57, 57, 57, '1988-08-14 07:39:44', '1985-02-23 15:31:27');
INSERT INTO `friendship` (`user_id`, `friend_id`, `status_id`, `requested_at`, `confirmed_at`) VALUES (58, 58, 58, '1995-12-11 17:10:11', '1984-05-19 16:37:47');
INSERT INTO `friendship` (`user_id`, `friend_id`, `status_id`, `requested_at`, `confirmed_at`) VALUES (59, 59, 59, '1973-11-17 21:10:56', '1975-09-16 02:10:41');
INSERT INTO `friendship` (`user_id`, `friend_id`, `status_id`, `requested_at`, `confirmed_at`) VALUES (60, 60, 60, '1989-04-06 09:07:41', '1983-11-08 12:54:52');
INSERT INTO `friendship` (`user_id`, `friend_id`, `status_id`, `requested_at`, `confirmed_at`) VALUES (61, 61, 61, '1988-08-22 12:20:51', '1990-05-04 22:18:33');
INSERT INTO `friendship` (`user_id`, `friend_id`, `status_id`, `requested_at`, `confirmed_at`) VALUES (62, 62, 62, '2015-12-23 19:54:00', '1996-11-15 09:38:12');
INSERT INTO `friendship` (`user_id`, `friend_id`, `status_id`, `requested_at`, `confirmed_at`) VALUES (63, 63, 63, '1992-01-05 05:26:24', '1985-06-27 22:03:59');
INSERT INTO `friendship` (`user_id`, `friend_id`, `status_id`, `requested_at`, `confirmed_at`) VALUES (64, 64, 64, '1977-05-14 23:00:22', '1974-09-21 06:18:19');
INSERT INTO `friendship` (`user_id`, `friend_id`, `status_id`, `requested_at`, `confirmed_at`) VALUES (65, 65, 65, '1988-08-22 17:01:18', '2009-04-24 12:34:19');
INSERT INTO `friendship` (`user_id`, `friend_id`, `status_id`, `requested_at`, `confirmed_at`) VALUES (66, 66, 66, '1989-02-15 17:46:30', '1981-09-09 13:33:07');
INSERT INTO `friendship` (`user_id`, `friend_id`, `status_id`, `requested_at`, `confirmed_at`) VALUES (67, 67, 67, '2017-06-22 22:01:36', '2014-07-29 01:26:10');
INSERT INTO `friendship` (`user_id`, `friend_id`, `status_id`, `requested_at`, `confirmed_at`) VALUES (68, 68, 68, '2016-10-29 07:48:26', '2016-09-24 11:04:35');
INSERT INTO `friendship` (`user_id`, `friend_id`, `status_id`, `requested_at`, `confirmed_at`) VALUES (69, 69, 69, '1976-11-01 19:45:13', '1995-08-18 23:38:13');
INSERT INTO `friendship` (`user_id`, `friend_id`, `status_id`, `requested_at`, `confirmed_at`) VALUES (70, 70, 70, '1988-01-03 16:45:54', '1985-11-15 01:58:27');
INSERT INTO `friendship` (`user_id`, `friend_id`, `status_id`, `requested_at`, `confirmed_at`) VALUES (71, 71, 71, '1970-05-23 09:37:53', '2010-03-03 04:29:20');
INSERT INTO `friendship` (`user_id`, `friend_id`, `status_id`, `requested_at`, `confirmed_at`) VALUES (72, 72, 72, '2003-06-26 20:18:51', '1972-04-06 12:40:53');
INSERT INTO `friendship` (`user_id`, `friend_id`, `status_id`, `requested_at`, `confirmed_at`) VALUES (73, 73, 73, '1971-12-12 15:56:46', '1993-11-23 03:12:24');
INSERT INTO `friendship` (`user_id`, `friend_id`, `status_id`, `requested_at`, `confirmed_at`) VALUES (74, 74, 74, '1984-03-08 14:47:12', '2012-10-14 20:30:55');
INSERT INTO `friendship` (`user_id`, `friend_id`, `status_id`, `requested_at`, `confirmed_at`) VALUES (75, 75, 75, '1979-01-31 19:33:57', '2017-03-03 02:30:56');
INSERT INTO `friendship` (`user_id`, `friend_id`, `status_id`, `requested_at`, `confirmed_at`) VALUES (76, 76, 76, '1981-09-02 19:15:54', '1981-01-20 06:10:47');
INSERT INTO `friendship` (`user_id`, `friend_id`, `status_id`, `requested_at`, `confirmed_at`) VALUES (77, 77, 77, '1976-09-10 23:12:38', '1990-05-26 05:03:34');
INSERT INTO `friendship` (`user_id`, `friend_id`, `status_id`, `requested_at`, `confirmed_at`) VALUES (78, 78, 78, '1987-09-18 15:56:07', '1974-07-12 07:49:22');
INSERT INTO `friendship` (`user_id`, `friend_id`, `status_id`, `requested_at`, `confirmed_at`) VALUES (79, 79, 79, '1973-07-09 01:46:28', '2001-08-18 00:05:09');
INSERT INTO `friendship` (`user_id`, `friend_id`, `status_id`, `requested_at`, `confirmed_at`) VALUES (80, 80, 80, '1976-09-16 05:08:33', '2005-09-21 22:46:25');
INSERT INTO `friendship` (`user_id`, `friend_id`, `status_id`, `requested_at`, `confirmed_at`) VALUES (81, 81, 81, '1997-12-11 23:04:35', '1974-01-08 03:12:04');
INSERT INTO `friendship` (`user_id`, `friend_id`, `status_id`, `requested_at`, `confirmed_at`) VALUES (82, 82, 82, '2005-12-19 14:51:35', '1985-04-01 20:37:27');
INSERT INTO `friendship` (`user_id`, `friend_id`, `status_id`, `requested_at`, `confirmed_at`) VALUES (83, 83, 83, '1974-01-17 15:52:51', '1970-03-10 09:20:05');
INSERT INTO `friendship` (`user_id`, `friend_id`, `status_id`, `requested_at`, `confirmed_at`) VALUES (84, 84, 84, '2017-03-20 14:15:24', '1996-03-02 04:44:50');
INSERT INTO `friendship` (`user_id`, `friend_id`, `status_id`, `requested_at`, `confirmed_at`) VALUES (85, 85, 85, '1999-09-16 22:16:57', '1992-05-01 02:35:50');
INSERT INTO `friendship` (`user_id`, `friend_id`, `status_id`, `requested_at`, `confirmed_at`) VALUES (86, 86, 86, '1994-05-25 21:28:56', '1991-08-02 23:17:14');
INSERT INTO `friendship` (`user_id`, `friend_id`, `status_id`, `requested_at`, `confirmed_at`) VALUES (87, 87, 87, '2018-06-07 03:53:56', '2006-09-03 19:05:42');
INSERT INTO `friendship` (`user_id`, `friend_id`, `status_id`, `requested_at`, `confirmed_at`) VALUES (88, 88, 88, '1994-01-29 18:04:44', '2001-08-22 13:18:21');
INSERT INTO `friendship` (`user_id`, `friend_id`, `status_id`, `requested_at`, `confirmed_at`) VALUES (89, 89, 89, '1975-08-03 17:48:31', '1973-04-04 20:44:58');
INSERT INTO `friendship` (`user_id`, `friend_id`, `status_id`, `requested_at`, `confirmed_at`) VALUES (90, 90, 90, '2017-01-02 01:39:19', '1985-10-15 23:23:19');
INSERT INTO `friendship` (`user_id`, `friend_id`, `status_id`, `requested_at`, `confirmed_at`) VALUES (91, 91, 91, '1974-03-04 16:36:04', '1997-09-02 01:07:43');
INSERT INTO `friendship` (`user_id`, `friend_id`, `status_id`, `requested_at`, `confirmed_at`) VALUES (92, 92, 92, '1980-12-19 20:05:51', '1992-11-05 14:31:16');
INSERT INTO `friendship` (`user_id`, `friend_id`, `status_id`, `requested_at`, `confirmed_at`) VALUES (93, 93, 93, '1976-01-09 01:23:41', '1988-05-08 17:43:50');
INSERT INTO `friendship` (`user_id`, `friend_id`, `status_id`, `requested_at`, `confirmed_at`) VALUES (94, 94, 94, '2016-03-15 12:10:28', '1984-08-19 04:23:55');
INSERT INTO `friendship` (`user_id`, `friend_id`, `status_id`, `requested_at`, `confirmed_at`) VALUES (95, 95, 95, '2011-05-06 07:13:45', '2005-11-16 01:20:14');
INSERT INTO `friendship` (`user_id`, `friend_id`, `status_id`, `requested_at`, `confirmed_at`) VALUES (96, 96, 96, '1979-10-07 15:18:06', '1979-07-13 19:05:34');
INSERT INTO `friendship` (`user_id`, `friend_id`, `status_id`, `requested_at`, `confirmed_at`) VALUES (97, 97, 97, '1991-04-04 11:13:12', '1999-09-17 02:22:26');
INSERT INTO `friendship` (`user_id`, `friend_id`, `status_id`, `requested_at`, `confirmed_at`) VALUES (98, 98, 98, '1995-08-21 14:11:45', '2010-12-07 01:07:51');
INSERT INTO `friendship` (`user_id`, `friend_id`, `status_id`, `requested_at`, `confirmed_at`) VALUES (99, 99, 99, '2007-06-02 18:49:28', '1970-05-23 23:28:13');
INSERT INTO `friendship` (`user_id`, `friend_id`, `status_id`, `requested_at`, `confirmed_at`) VALUES (100, 100, 100, '2006-05-17 13:39:00', '2019-08-25 10:37:31');


#
# TABLE STRUCTURE FOR: friendship_statuses
#

DROP TABLE IF EXISTS `friendship_statuses`;

CREATE TABLE `friendship_statuses` (
  `id` int(10) unsigned NOT NULL AUTO_INCREMENT,
  `name` varchar(150) COLLATE utf8_unicode_ci NOT NULL,
  PRIMARY KEY (`id`),
  UNIQUE KEY `name` (`name`)
) ENGINE=InnoDB AUTO_INCREMENT=101 DEFAULT CHARSET=utf8 COLLATE=utf8_unicode_ci;

INSERT INTO `friendship_statuses` (`id`, `name`) VALUES (69, 'a');
INSERT INTO `friendship_statuses` (`id`, `name`) VALUES (75, 'ad');
INSERT INTO `friendship_statuses` (`id`, `name`) VALUES (12, 'adipisci');
INSERT INTO `friendship_statuses` (`id`, `name`) VALUES (72, 'aliquam');
INSERT INTO `friendship_statuses` (`id`, `name`) VALUES (66, 'amet');
INSERT INTO `friendship_statuses` (`id`, `name`) VALUES (95, 'animi');
INSERT INTO `friendship_statuses` (`id`, `name`) VALUES (43, 'aperiam');
INSERT INTO `friendship_statuses` (`id`, `name`) VALUES (81, 'architecto');
INSERT INTO `friendship_statuses` (`id`, `name`) VALUES (32, 'asperiores');
INSERT INTO `friendship_statuses` (`id`, `name`) VALUES (35, 'aspernatur');
INSERT INTO `friendship_statuses` (`id`, `name`) VALUES (16, 'at');
INSERT INTO `friendship_statuses` (`id`, `name`) VALUES (92, 'atque');
INSERT INTO `friendship_statuses` (`id`, `name`) VALUES (83, 'aut');
INSERT INTO `friendship_statuses` (`id`, `name`) VALUES (38, 'autem');
INSERT INTO `friendship_statuses` (`id`, `name`) VALUES (64, 'blanditiis');
INSERT INTO `friendship_statuses` (`id`, `name`) VALUES (70, 'consequatur');
INSERT INTO `friendship_statuses` (`id`, `name`) VALUES (71, 'consequuntur');
INSERT INTO `friendship_statuses` (`id`, `name`) VALUES (11, 'corrupti');
INSERT INTO `friendship_statuses` (`id`, `name`) VALUES (80, 'cupiditate');
INSERT INTO `friendship_statuses` (`id`, `name`) VALUES (29, 'debitis');
INSERT INTO `friendship_statuses` (`id`, `name`) VALUES (47, 'delectus');
INSERT INTO `friendship_statuses` (`id`, `name`) VALUES (21, 'deleniti');
INSERT INTO `friendship_statuses` (`id`, `name`) VALUES (23, 'dicta');
INSERT INTO `friendship_statuses` (`id`, `name`) VALUES (2, 'dolor');
INSERT INTO `friendship_statuses` (`id`, `name`) VALUES (57, 'doloremque');
INSERT INTO `friendship_statuses` (`id`, `name`) VALUES (53, 'dolores');
INSERT INTO `friendship_statuses` (`id`, `name`) VALUES (5, 'doloribus');
INSERT INTO `friendship_statuses` (`id`, `name`) VALUES (61, 'dolorum');
INSERT INTO `friendship_statuses` (`id`, `name`) VALUES (28, 'ea');
INSERT INTO `friendship_statuses` (`id`, `name`) VALUES (87, 'eaque');
INSERT INTO `friendship_statuses` (`id`, `name`) VALUES (56, 'enim');
INSERT INTO `friendship_statuses` (`id`, `name`) VALUES (34, 'eos');
INSERT INTO `friendship_statuses` (`id`, `name`) VALUES (84, 'error');
INSERT INTO `friendship_statuses` (`id`, `name`) VALUES (14, 'esse');
INSERT INTO `friendship_statuses` (`id`, `name`) VALUES (67, 'est');
INSERT INTO `friendship_statuses` (`id`, `name`) VALUES (9, 'et');
INSERT INTO `friendship_statuses` (`id`, `name`) VALUES (51, 'eum');
INSERT INTO `friendship_statuses` (`id`, `name`) VALUES (88, 'eveniet');
INSERT INTO `friendship_statuses` (`id`, `name`) VALUES (54, 'ex');
INSERT INTO `friendship_statuses` (`id`, `name`) VALUES (99, 'exercitationem');
INSERT INTO `friendship_statuses` (`id`, `name`) VALUES (89, 'explicabo');
INSERT INTO `friendship_statuses` (`id`, `name`) VALUES (91, 'facere');
INSERT INTO `friendship_statuses` (`id`, `name`) VALUES (97, 'facilis');
INSERT INTO `friendship_statuses` (`id`, `name`) VALUES (18, 'fuga');
INSERT INTO `friendship_statuses` (`id`, `name`) VALUES (94, 'fugit');
INSERT INTO `friendship_statuses` (`id`, `name`) VALUES (26, 'id');
INSERT INTO `friendship_statuses` (`id`, `name`) VALUES (63, 'illo');
INSERT INTO `friendship_statuses` (`id`, `name`) VALUES (24, 'illum');
INSERT INTO `friendship_statuses` (`id`, `name`) VALUES (96, 'in');
INSERT INTO `friendship_statuses` (`id`, `name`) VALUES (68, 'ipsa');
INSERT INTO `friendship_statuses` (`id`, `name`) VALUES (98, 'iure');
INSERT INTO `friendship_statuses` (`id`, `name`) VALUES (39, 'laudantium');
INSERT INTO `friendship_statuses` (`id`, `name`) VALUES (52, 'magni');
INSERT INTO `friendship_statuses` (`id`, `name`) VALUES (27, 'maiores');
INSERT INTO `friendship_statuses` (`id`, `name`) VALUES (59, 'minima');
INSERT INTO `friendship_statuses` (`id`, `name`) VALUES (79, 'mollitia');
INSERT INTO `friendship_statuses` (`id`, `name`) VALUES (41, 'natus');
INSERT INTO `friendship_statuses` (`id`, `name`) VALUES (36, 'necessitatibus');
INSERT INTO `friendship_statuses` (`id`, `name`) VALUES (13, 'nemo');
INSERT INTO `friendship_statuses` (`id`, `name`) VALUES (62, 'nihil');
INSERT INTO `friendship_statuses` (`id`, `name`) VALUES (85, 'nisi');
INSERT INTO `friendship_statuses` (`id`, `name`) VALUES (78, 'nobis');
INSERT INTO `friendship_statuses` (`id`, `name`) VALUES (22, 'non');
INSERT INTO `friendship_statuses` (`id`, `name`) VALUES (93, 'nulla');
INSERT INTO `friendship_statuses` (`id`, `name`) VALUES (50, 'numquam');
INSERT INTO `friendship_statuses` (`id`, `name`) VALUES (90, 'occaecati');
INSERT INTO `friendship_statuses` (`id`, `name`) VALUES (44, 'omnis');
INSERT INTO `friendship_statuses` (`id`, `name`) VALUES (37, 'pariatur');
INSERT INTO `friendship_statuses` (`id`, `name`) VALUES (65, 'perspiciatis');
INSERT INTO `friendship_statuses` (`id`, `name`) VALUES (73, 'quae');
INSERT INTO `friendship_statuses` (`id`, `name`) VALUES (19, 'quaerat');
INSERT INTO `friendship_statuses` (`id`, `name`) VALUES (49, 'quam');
INSERT INTO `friendship_statuses` (`id`, `name`) VALUES (31, 'qui');
INSERT INTO `friendship_statuses` (`id`, `name`) VALUES (30, 'quis');
INSERT INTO `friendship_statuses` (`id`, `name`) VALUES (46, 'quisquam');
INSERT INTO `friendship_statuses` (`id`, `name`) VALUES (25, 'quod');
INSERT INTO `friendship_statuses` (`id`, `name`) VALUES (1, 'quos');
INSERT INTO `friendship_statuses` (`id`, `name`) VALUES (76, 'recusandae');
INSERT INTO `friendship_statuses` (`id`, `name`) VALUES (77, 'rem');
INSERT INTO `friendship_statuses` (`id`, `name`) VALUES (45, 'repellat');
INSERT INTO `friendship_statuses` (`id`, `name`) VALUES (48, 'repellendus');
INSERT INTO `friendship_statuses` (`id`, `name`) VALUES (20, 'reprehenderit');
INSERT INTO `friendship_statuses` (`id`, `name`) VALUES (10, 'rerum');
INSERT INTO `friendship_statuses` (`id`, `name`) VALUES (8, 'sed');
INSERT INTO `friendship_statuses` (`id`, `name`) VALUES (86, 'similique');
INSERT INTO `friendship_statuses` (`id`, `name`) VALUES (40, 'sint');
INSERT INTO `friendship_statuses` (`id`, `name`) VALUES (15, 'sit');
INSERT INTO `friendship_statuses` (`id`, `name`) VALUES (6, 'soluta');
INSERT INTO `friendship_statuses` (`id`, `name`) VALUES (60, 'sunt');
INSERT INTO `friendship_statuses` (`id`, `name`) VALUES (100, 'tempore');
INSERT INTO `friendship_statuses` (`id`, `name`) VALUES (17, 'tenetur');
INSERT INTO `friendship_statuses` (`id`, `name`) VALUES (4, 'totam');
INSERT INTO `friendship_statuses` (`id`, `name`) VALUES (74, 'ullam');
INSERT INTO `friendship_statuses` (`id`, `name`) VALUES (58, 'ut');
INSERT INTO `friendship_statuses` (`id`, `name`) VALUES (3, 'vel');
INSERT INTO `friendship_statuses` (`id`, `name`) VALUES (42, 'velit');
INSERT INTO `friendship_statuses` (`id`, `name`) VALUES (82, 'vero');
INSERT INTO `friendship_statuses` (`id`, `name`) VALUES (33, 'voluptas');
INSERT INTO `friendship_statuses` (`id`, `name`) VALUES (55, 'voluptatem');
INSERT INTO `friendship_statuses` (`id`, `name`) VALUES (7, 'voluptatibus');


#
# TABLE STRUCTURE FOR: media
#

DROP TABLE IF EXISTS `media`;

CREATE TABLE `media` (
  `id` int(10) unsigned NOT NULL AUTO_INCREMENT,
  `media_type_id` int(10) unsigned NOT NULL,
  `user_id` int(10) unsigned NOT NULL,
  `filename` varchar(255) COLLATE utf8_unicode_ci NOT NULL,
  `size` int(11) NOT NULL,
  `metadata` longtext CHARACTER SET utf8mb4 COLLATE utf8mb4_bin DEFAULT NULL,
  `created_at` datetime DEFAULT current_timestamp(),
  `updated_at` datetime DEFAULT current_timestamp() ON UPDATE current_timestamp(),
  PRIMARY KEY (`id`)
) ENGINE=InnoDB AUTO_INCREMENT=101 DEFAULT CHARSET=utf8 COLLATE=utf8_unicode_ci;

INSERT INTO `media` (`id`, `media_type_id`, `user_id`, `filename`, `size`, `metadata`, `created_at`, `updated_at`) VALUES (1, 1, 1, 'et', 2267, '84', '1990-01-03 11:53:27', '2007-07-23 06:56:29');
INSERT INTO `media` (`id`, `media_type_id`, `user_id`, `filename`, `size`, `metadata`, `created_at`, `updated_at`) VALUES (2, 2, 2, 'aut', 904718, '85', '2009-02-05 17:58:07', '1975-11-13 01:48:02');
INSERT INTO `media` (`id`, `media_type_id`, `user_id`, `filename`, `size`, `metadata`, `created_at`, `updated_at`) VALUES (3, 3, 3, 'sit', 742, '57', '1977-09-10 13:39:22', '1984-09-20 16:13:21');
INSERT INTO `media` (`id`, `media_type_id`, `user_id`, `filename`, `size`, `metadata`, `created_at`, `updated_at`) VALUES (4, 4, 4, 'quas', 87696965, '99', '1998-06-27 04:50:15', '2009-08-04 10:39:21');
INSERT INTO `media` (`id`, `media_type_id`, `user_id`, `filename`, `size`, `metadata`, `created_at`, `updated_at`) VALUES (5, 5, 5, 'quibusdam', 64553, '11', '1991-07-09 16:13:38', '2014-08-24 17:05:11');
INSERT INTO `media` (`id`, `media_type_id`, `user_id`, `filename`, `size`, `metadata`, `created_at`, `updated_at`) VALUES (6, 6, 6, 'asperiores', 346174282, '53', '2010-04-13 16:00:42', '2000-03-20 09:50:19');
INSERT INTO `media` (`id`, `media_type_id`, `user_id`, `filename`, `size`, `metadata`, `created_at`, `updated_at`) VALUES (7, 7, 7, 'unde', 97576543, '13', '2013-03-31 03:00:02', '2014-07-15 13:44:39');
INSERT INTO `media` (`id`, `media_type_id`, `user_id`, `filename`, `size`, `metadata`, `created_at`, `updated_at`) VALUES (8, 8, 8, 'molestiae', 8670, '35', '1979-07-15 00:31:05', '2005-06-11 22:22:49');
INSERT INTO `media` (`id`, `media_type_id`, `user_id`, `filename`, `size`, `metadata`, `created_at`, `updated_at`) VALUES (9, 9, 9, 'dolor', 838, '38', '1990-11-23 07:30:29', '1995-12-07 23:00:05');
INSERT INTO `media` (`id`, `media_type_id`, `user_id`, `filename`, `size`, `metadata`, `created_at`, `updated_at`) VALUES (10, 10, 10, 'numquam', 70182708, '39', '1990-10-09 06:06:26', '1987-05-29 22:08:26');
INSERT INTO `media` (`id`, `media_type_id`, `user_id`, `filename`, `size`, `metadata`, `created_at`, `updated_at`) VALUES (11, 11, 11, 'aut', 83605539, '53', '1983-04-17 12:27:58', '2011-02-07 18:12:01');
INSERT INTO `media` (`id`, `media_type_id`, `user_id`, `filename`, `size`, `metadata`, `created_at`, `updated_at`) VALUES (12, 12, 12, 'eaque', 96990, '91', '2019-05-24 19:16:26', '2007-11-08 07:28:50');
INSERT INTO `media` (`id`, `media_type_id`, `user_id`, `filename`, `size`, `metadata`, `created_at`, `updated_at`) VALUES (13, 13, 13, 'laudantium', 91115999, '65', '1987-09-10 06:56:38', '2014-10-13 21:07:28');
INSERT INTO `media` (`id`, `media_type_id`, `user_id`, `filename`, `size`, `metadata`, `created_at`, `updated_at`) VALUES (14, 14, 14, 'ut', 6, '52', '1989-05-02 04:03:33', '2019-01-28 08:14:39');
INSERT INTO `media` (`id`, `media_type_id`, `user_id`, `filename`, `size`, `metadata`, `created_at`, `updated_at`) VALUES (15, 15, 15, 'quo', 91990, '77', '2017-02-19 18:06:45', '1970-07-19 10:06:16');
INSERT INTO `media` (`id`, `media_type_id`, `user_id`, `filename`, `size`, `metadata`, `created_at`, `updated_at`) VALUES (16, 16, 16, 'nesciunt', 79413, '86', '1981-09-02 13:54:49', '2005-03-20 22:52:49');
INSERT INTO `media` (`id`, `media_type_id`, `user_id`, `filename`, `size`, `metadata`, `created_at`, `updated_at`) VALUES (17, 17, 17, 'et', 4, '69', '1970-09-20 22:10:57', '1978-01-25 00:37:25');
INSERT INTO `media` (`id`, `media_type_id`, `user_id`, `filename`, `size`, `metadata`, `created_at`, `updated_at`) VALUES (18, 18, 18, 'corrupti', 7496828, '98', '1970-03-16 07:53:40', '1977-02-18 13:37:38');
INSERT INTO `media` (`id`, `media_type_id`, `user_id`, `filename`, `size`, `metadata`, `created_at`, `updated_at`) VALUES (19, 19, 19, 'adipisci', 7475, '14', '1999-12-01 11:21:10', '1977-11-22 19:29:31');
INSERT INTO `media` (`id`, `media_type_id`, `user_id`, `filename`, `size`, `metadata`, `created_at`, `updated_at`) VALUES (20, 20, 20, 'maiores', 345178, '11', '1971-02-19 02:50:44', '1987-03-25 00:09:29');
INSERT INTO `media` (`id`, `media_type_id`, `user_id`, `filename`, `size`, `metadata`, `created_at`, `updated_at`) VALUES (21, 21, 21, 'unde', 20592, '49', '1970-08-05 14:20:03', '1970-08-31 23:24:58');
INSERT INTO `media` (`id`, `media_type_id`, `user_id`, `filename`, `size`, `metadata`, `created_at`, `updated_at`) VALUES (22, 22, 22, 'quia', 51040, '64', '1997-01-16 02:39:13', '2005-05-25 05:24:04');
INSERT INTO `media` (`id`, `media_type_id`, `user_id`, `filename`, `size`, `metadata`, `created_at`, `updated_at`) VALUES (23, 23, 23, 'dignissimos', 3, '38', '1999-04-29 00:39:51', '2014-06-15 07:21:22');
INSERT INTO `media` (`id`, `media_type_id`, `user_id`, `filename`, `size`, `metadata`, `created_at`, `updated_at`) VALUES (24, 24, 24, 'ipsum', 107252, '66', '2015-06-22 15:24:11', '2009-11-30 01:10:39');
INSERT INTO `media` (`id`, `media_type_id`, `user_id`, `filename`, `size`, `metadata`, `created_at`, `updated_at`) VALUES (25, 25, 25, 'placeat', 998025425, '7', '2004-01-11 19:21:28', '1985-04-22 03:57:47');
INSERT INTO `media` (`id`, `media_type_id`, `user_id`, `filename`, `size`, `metadata`, `created_at`, `updated_at`) VALUES (26, 26, 26, 'nobis', 0, '16', '1973-05-16 03:54:43', '2014-04-06 16:44:18');
INSERT INTO `media` (`id`, `media_type_id`, `user_id`, `filename`, `size`, `metadata`, `created_at`, `updated_at`) VALUES (27, 27, 27, 'recusandae', 352, '93', '1978-07-02 07:52:28', '1987-03-24 15:52:02');
INSERT INTO `media` (`id`, `media_type_id`, `user_id`, `filename`, `size`, `metadata`, `created_at`, `updated_at`) VALUES (28, 28, 28, 'et', 17788, '26', '2002-01-24 10:08:49', '2018-02-27 05:01:02');
INSERT INTO `media` (`id`, `media_type_id`, `user_id`, `filename`, `size`, `metadata`, `created_at`, `updated_at`) VALUES (29, 29, 29, 'hic', 646124, '10', '1985-06-27 20:30:51', '2006-10-28 11:51:43');
INSERT INTO `media` (`id`, `media_type_id`, `user_id`, `filename`, `size`, `metadata`, `created_at`, `updated_at`) VALUES (30, 30, 30, 'velit', 53441, '87', '2018-10-20 02:41:05', '1970-07-02 18:01:48');
INSERT INTO `media` (`id`, `media_type_id`, `user_id`, `filename`, `size`, `metadata`, `created_at`, `updated_at`) VALUES (31, 31, 31, 'magni', 7152, '50', '2009-12-16 20:42:35', '1987-10-13 20:09:53');
INSERT INTO `media` (`id`, `media_type_id`, `user_id`, `filename`, `size`, `metadata`, `created_at`, `updated_at`) VALUES (32, 32, 32, 'ad', 7871414, '76', '1981-12-08 02:55:38', '2016-03-19 01:29:07');
INSERT INTO `media` (`id`, `media_type_id`, `user_id`, `filename`, `size`, `metadata`, `created_at`, `updated_at`) VALUES (33, 33, 33, 'non', 7394082, '84', '1987-01-29 03:32:34', '1980-09-14 22:09:02');
INSERT INTO `media` (`id`, `media_type_id`, `user_id`, `filename`, `size`, `metadata`, `created_at`, `updated_at`) VALUES (34, 34, 34, 'cupiditate', 85188, '92', '1984-01-19 14:38:06', '1999-12-13 11:06:44');
INSERT INTO `media` (`id`, `media_type_id`, `user_id`, `filename`, `size`, `metadata`, `created_at`, `updated_at`) VALUES (35, 35, 35, 'hic', 0, '16', '1995-01-13 23:43:13', '1979-11-18 11:22:53');
INSERT INTO `media` (`id`, `media_type_id`, `user_id`, `filename`, `size`, `metadata`, `created_at`, `updated_at`) VALUES (36, 36, 36, 'et', 902634228, '78', '2007-11-22 15:11:10', '1985-12-06 00:39:55');
INSERT INTO `media` (`id`, `media_type_id`, `user_id`, `filename`, `size`, `metadata`, `created_at`, `updated_at`) VALUES (37, 37, 37, 'harum', 86307818, '5', '1993-11-21 15:58:43', '2006-12-08 01:51:53');
INSERT INTO `media` (`id`, `media_type_id`, `user_id`, `filename`, `size`, `metadata`, `created_at`, `updated_at`) VALUES (38, 38, 38, 'velit', 896184339, '73', '2012-12-28 22:41:38', '1992-09-27 19:09:48');
INSERT INTO `media` (`id`, `media_type_id`, `user_id`, `filename`, `size`, `metadata`, `created_at`, `updated_at`) VALUES (39, 39, 39, 'est', 40, '51', '2004-08-19 23:17:10', '2003-08-11 13:45:18');
INSERT INTO `media` (`id`, `media_type_id`, `user_id`, `filename`, `size`, `metadata`, `created_at`, `updated_at`) VALUES (40, 40, 40, 'voluptatem', 186, '36', '2005-08-05 08:32:36', '2014-03-22 18:55:44');
INSERT INTO `media` (`id`, `media_type_id`, `user_id`, `filename`, `size`, `metadata`, `created_at`, `updated_at`) VALUES (41, 41, 41, 'et', 515, '99', '2008-01-18 13:12:10', '2011-05-13 17:11:39');
INSERT INTO `media` (`id`, `media_type_id`, `user_id`, `filename`, `size`, `metadata`, `created_at`, `updated_at`) VALUES (42, 42, 42, 'nesciunt', 0, '81', '1979-05-12 15:17:19', '2001-05-13 10:53:59');
INSERT INTO `media` (`id`, `media_type_id`, `user_id`, `filename`, `size`, `metadata`, `created_at`, `updated_at`) VALUES (43, 43, 43, 'sequi', 9, '85', '1998-09-23 03:13:18', '1976-04-20 02:00:11');
INSERT INTO `media` (`id`, `media_type_id`, `user_id`, `filename`, `size`, `metadata`, `created_at`, `updated_at`) VALUES (44, 44, 44, 'ipsa', 0, '11', '2017-09-19 18:19:10', '2001-11-08 12:52:43');
INSERT INTO `media` (`id`, `media_type_id`, `user_id`, `filename`, `size`, `metadata`, `created_at`, `updated_at`) VALUES (45, 45, 45, 'et', 135786912, '53', '2012-05-13 10:19:35', '2016-03-04 21:02:59');
INSERT INTO `media` (`id`, `media_type_id`, `user_id`, `filename`, `size`, `metadata`, `created_at`, `updated_at`) VALUES (46, 46, 46, 'dolorem', 17, '40', '1999-01-05 16:08:05', '2003-05-23 00:44:46');
INSERT INTO `media` (`id`, `media_type_id`, `user_id`, `filename`, `size`, `metadata`, `created_at`, `updated_at`) VALUES (47, 47, 47, 'sed', 204, '57', '1988-05-13 23:38:10', '2016-07-27 04:06:20');
INSERT INTO `media` (`id`, `media_type_id`, `user_id`, `filename`, `size`, `metadata`, `created_at`, `updated_at`) VALUES (48, 48, 48, 'sunt', 7160911, '56', '2012-05-04 11:22:52', '1992-08-07 21:13:18');
INSERT INTO `media` (`id`, `media_type_id`, `user_id`, `filename`, `size`, `metadata`, `created_at`, `updated_at`) VALUES (49, 49, 49, 'explicabo', 165563, '91', '1981-04-06 19:57:17', '1993-12-01 04:53:30');
INSERT INTO `media` (`id`, `media_type_id`, `user_id`, `filename`, `size`, `metadata`, `created_at`, `updated_at`) VALUES (50, 50, 50, 'rerum', 76, '84', '1981-08-22 20:44:59', '1990-02-04 01:56:16');
INSERT INTO `media` (`id`, `media_type_id`, `user_id`, `filename`, `size`, `metadata`, `created_at`, `updated_at`) VALUES (51, 51, 51, 'omnis', 3455, '63', '2015-04-25 03:37:32', '1987-01-01 12:19:25');
INSERT INTO `media` (`id`, `media_type_id`, `user_id`, `filename`, `size`, `metadata`, `created_at`, `updated_at`) VALUES (52, 52, 52, 'earum', 122949, '17', '1993-05-29 23:24:53', '2015-08-30 02:08:06');
INSERT INTO `media` (`id`, `media_type_id`, `user_id`, `filename`, `size`, `metadata`, `created_at`, `updated_at`) VALUES (53, 53, 53, 'sed', 5238207, '96', '1988-10-02 18:00:53', '2017-01-26 21:48:04');
INSERT INTO `media` (`id`, `media_type_id`, `user_id`, `filename`, `size`, `metadata`, `created_at`, `updated_at`) VALUES (54, 54, 54, 'quos', 0, '4', '1992-12-18 16:36:07', '1971-08-14 03:38:37');
INSERT INTO `media` (`id`, `media_type_id`, `user_id`, `filename`, `size`, `metadata`, `created_at`, `updated_at`) VALUES (55, 55, 55, 'distinctio', 544082, '56', '2005-04-19 14:50:42', '1976-10-11 02:51:25');
INSERT INTO `media` (`id`, `media_type_id`, `user_id`, `filename`, `size`, `metadata`, `created_at`, `updated_at`) VALUES (56, 56, 56, 'et', 0, '82', '2018-02-03 18:03:53', '1990-07-15 19:38:13');
INSERT INTO `media` (`id`, `media_type_id`, `user_id`, `filename`, `size`, `metadata`, `created_at`, `updated_at`) VALUES (57, 57, 57, 'modi', 660326906, '35', '2019-05-30 19:16:38', '1990-03-07 04:23:11');
INSERT INTO `media` (`id`, `media_type_id`, `user_id`, `filename`, `size`, `metadata`, `created_at`, `updated_at`) VALUES (58, 58, 58, 'quo', 2228777, '9', '1979-10-31 03:21:35', '1985-04-17 04:38:39');
INSERT INTO `media` (`id`, `media_type_id`, `user_id`, `filename`, `size`, `metadata`, `created_at`, `updated_at`) VALUES (59, 59, 59, 'deleniti', 8545103, '84', '1995-05-22 14:28:05', '1986-01-08 03:51:45');
INSERT INTO `media` (`id`, `media_type_id`, `user_id`, `filename`, `size`, `metadata`, `created_at`, `updated_at`) VALUES (60, 60, 60, 'ut', 5, '73', '2015-02-20 00:06:18', '2006-05-25 06:07:16');
INSERT INTO `media` (`id`, `media_type_id`, `user_id`, `filename`, `size`, `metadata`, `created_at`, `updated_at`) VALUES (61, 61, 61, 'qui', 8852, '48', '1990-12-26 23:30:46', '1985-03-08 09:10:10');
INSERT INTO `media` (`id`, `media_type_id`, `user_id`, `filename`, `size`, `metadata`, `created_at`, `updated_at`) VALUES (62, 62, 62, 'sit', 7, '35', '1971-01-06 13:52:26', '2010-08-05 11:33:01');
INSERT INTO `media` (`id`, `media_type_id`, `user_id`, `filename`, `size`, `metadata`, `created_at`, `updated_at`) VALUES (63, 63, 63, 'laborum', 345, '19', '2019-01-29 14:23:54', '2013-09-23 05:29:11');
INSERT INTO `media` (`id`, `media_type_id`, `user_id`, `filename`, `size`, `metadata`, `created_at`, `updated_at`) VALUES (64, 64, 64, 'ut', 60600, '63', '2003-04-21 22:09:10', '2015-06-12 09:37:57');
INSERT INTO `media` (`id`, `media_type_id`, `user_id`, `filename`, `size`, `metadata`, `created_at`, `updated_at`) VALUES (65, 65, 65, 'possimus', 955143393, '85', '2009-08-18 18:59:38', '1970-06-16 07:00:34');
INSERT INTO `media` (`id`, `media_type_id`, `user_id`, `filename`, `size`, `metadata`, `created_at`, `updated_at`) VALUES (66, 66, 66, 'sit', 59593772, '76', '1989-09-18 20:36:14', '1975-01-25 13:53:35');
INSERT INTO `media` (`id`, `media_type_id`, `user_id`, `filename`, `size`, `metadata`, `created_at`, `updated_at`) VALUES (67, 67, 67, 'in', 0, '46', '2010-10-30 07:00:20', '1994-11-19 15:21:29');
INSERT INTO `media` (`id`, `media_type_id`, `user_id`, `filename`, `size`, `metadata`, `created_at`, `updated_at`) VALUES (68, 68, 68, 'esse', 9618791, '5', '2015-12-06 10:36:37', '1991-12-07 13:11:43');
INSERT INTO `media` (`id`, `media_type_id`, `user_id`, `filename`, `size`, `metadata`, `created_at`, `updated_at`) VALUES (69, 69, 69, 'quasi', 156814999, '45', '2014-01-13 12:19:23', '1984-02-27 19:49:02');
INSERT INTO `media` (`id`, `media_type_id`, `user_id`, `filename`, `size`, `metadata`, `created_at`, `updated_at`) VALUES (70, 70, 70, 'fuga', 53, '36', '1994-03-20 16:46:48', '2011-06-04 11:13:23');
INSERT INTO `media` (`id`, `media_type_id`, `user_id`, `filename`, `size`, `metadata`, `created_at`, `updated_at`) VALUES (71, 71, 71, 'hic', 22, '21', '2010-06-21 19:19:13', '1993-06-18 06:44:28');
INSERT INTO `media` (`id`, `media_type_id`, `user_id`, `filename`, `size`, `metadata`, `created_at`, `updated_at`) VALUES (72, 72, 72, 'itaque', 7, '33', '2001-10-20 13:50:33', '1973-07-04 04:48:40');
INSERT INTO `media` (`id`, `media_type_id`, `user_id`, `filename`, `size`, `metadata`, `created_at`, `updated_at`) VALUES (73, 73, 73, 'neque', 5, '24', '1998-01-21 23:27:31', '1993-10-01 15:55:07');
INSERT INTO `media` (`id`, `media_type_id`, `user_id`, `filename`, `size`, `metadata`, `created_at`, `updated_at`) VALUES (74, 74, 74, 'dignissimos', 664, '84', '1983-04-27 07:38:44', '1973-01-25 09:55:50');
INSERT INTO `media` (`id`, `media_type_id`, `user_id`, `filename`, `size`, `metadata`, `created_at`, `updated_at`) VALUES (75, 75, 75, 'ex', 31392, '100', '1984-05-03 19:01:52', '2011-03-18 02:33:18');
INSERT INTO `media` (`id`, `media_type_id`, `user_id`, `filename`, `size`, `metadata`, `created_at`, `updated_at`) VALUES (76, 76, 76, 'repudiandae', 996867, '20', '1974-08-26 14:11:00', '2012-03-30 19:50:41');
INSERT INTO `media` (`id`, `media_type_id`, `user_id`, `filename`, `size`, `metadata`, `created_at`, `updated_at`) VALUES (77, 77, 77, 'nam', 869, '52', '2018-10-11 18:53:38', '1993-03-01 08:11:48');
INSERT INTO `media` (`id`, `media_type_id`, `user_id`, `filename`, `size`, `metadata`, `created_at`, `updated_at`) VALUES (78, 78, 78, 'consequuntur', 501027, '46', '1998-04-16 02:05:46', '1984-05-01 00:36:40');
INSERT INTO `media` (`id`, `media_type_id`, `user_id`, `filename`, `size`, `metadata`, `created_at`, `updated_at`) VALUES (79, 79, 79, 'ut', 4371583, '22', '2017-11-03 12:45:43', '1970-08-17 10:41:32');
INSERT INTO `media` (`id`, `media_type_id`, `user_id`, `filename`, `size`, `metadata`, `created_at`, `updated_at`) VALUES (80, 80, 80, 'laborum', 0, '35', '2012-07-13 00:40:34', '1987-06-22 14:25:46');
INSERT INTO `media` (`id`, `media_type_id`, `user_id`, `filename`, `size`, `metadata`, `created_at`, `updated_at`) VALUES (81, 81, 81, 'porro', 666464574, '35', '1978-10-02 17:58:58', '2015-05-23 21:06:14');
INSERT INTO `media` (`id`, `media_type_id`, `user_id`, `filename`, `size`, `metadata`, `created_at`, `updated_at`) VALUES (82, 82, 82, 'autem', 6663520, '69', '2002-11-17 23:16:49', '2002-08-09 02:56:25');
INSERT INTO `media` (`id`, `media_type_id`, `user_id`, `filename`, `size`, `metadata`, `created_at`, `updated_at`) VALUES (83, 83, 83, 'dolorum', 0, '1', '1999-02-19 01:23:47', '1996-06-02 04:55:42');
INSERT INTO `media` (`id`, `media_type_id`, `user_id`, `filename`, `size`, `metadata`, `created_at`, `updated_at`) VALUES (84, 84, 84, 'cupiditate', 7105198, '72', '1981-01-03 15:08:04', '1978-05-17 16:04:03');
INSERT INTO `media` (`id`, `media_type_id`, `user_id`, `filename`, `size`, `metadata`, `created_at`, `updated_at`) VALUES (85, 85, 85, 'perspiciatis', 26, '78', '2016-03-29 00:15:24', '1988-10-23 21:34:07');
INSERT INTO `media` (`id`, `media_type_id`, `user_id`, `filename`, `size`, `metadata`, `created_at`, `updated_at`) VALUES (86, 86, 86, 'officia', 11187819, '11', '2007-08-20 06:30:30', '1997-10-25 20:23:10');
INSERT INTO `media` (`id`, `media_type_id`, `user_id`, `filename`, `size`, `metadata`, `created_at`, `updated_at`) VALUES (87, 87, 87, 'quibusdam', 964911, '57', '1980-05-16 14:27:39', '2017-02-02 14:29:24');
INSERT INTO `media` (`id`, `media_type_id`, `user_id`, `filename`, `size`, `metadata`, `created_at`, `updated_at`) VALUES (88, 88, 88, 'voluptas', 3798001, '66', '2017-10-07 08:43:02', '2004-07-03 08:30:17');
INSERT INTO `media` (`id`, `media_type_id`, `user_id`, `filename`, `size`, `metadata`, `created_at`, `updated_at`) VALUES (89, 89, 89, 'sit', 67, '51', '2004-10-02 21:13:42', '1995-08-11 02:42:40');
INSERT INTO `media` (`id`, `media_type_id`, `user_id`, `filename`, `size`, `metadata`, `created_at`, `updated_at`) VALUES (90, 90, 90, 'facilis', 65117, '82', '1999-08-11 08:30:42', '2008-03-24 03:07:18');
INSERT INTO `media` (`id`, `media_type_id`, `user_id`, `filename`, `size`, `metadata`, `created_at`, `updated_at`) VALUES (91, 91, 91, 'accusamus', 21, '61', '1986-05-02 10:48:01', '1982-12-29 23:18:04');
INSERT INTO `media` (`id`, `media_type_id`, `user_id`, `filename`, `size`, `metadata`, `created_at`, `updated_at`) VALUES (92, 92, 92, 'quae', 2, '100', '1985-08-16 23:10:37', '1979-04-19 22:54:36');
INSERT INTO `media` (`id`, `media_type_id`, `user_id`, `filename`, `size`, `metadata`, `created_at`, `updated_at`) VALUES (93, 93, 93, 'beatae', 4, '59', '2013-05-24 22:52:44', '1983-01-29 23:20:30');
INSERT INTO `media` (`id`, `media_type_id`, `user_id`, `filename`, `size`, `metadata`, `created_at`, `updated_at`) VALUES (94, 94, 94, 'impedit', 95, '95', '1985-06-13 03:23:47', '2002-11-21 10:34:15');
INSERT INTO `media` (`id`, `media_type_id`, `user_id`, `filename`, `size`, `metadata`, `created_at`, `updated_at`) VALUES (95, 95, 95, 'enim', 176448, '12', '2005-10-29 14:38:29', '2008-10-01 05:18:20');
INSERT INTO `media` (`id`, `media_type_id`, `user_id`, `filename`, `size`, `metadata`, `created_at`, `updated_at`) VALUES (96, 96, 96, 'aliquid', 891308, '64', '1977-04-18 19:34:09', '1981-10-14 20:12:25');
INSERT INTO `media` (`id`, `media_type_id`, `user_id`, `filename`, `size`, `metadata`, `created_at`, `updated_at`) VALUES (97, 97, 97, 'beatae', 0, '38', '2006-06-12 02:55:26', '1973-08-11 16:40:34');
INSERT INTO `media` (`id`, `media_type_id`, `user_id`, `filename`, `size`, `metadata`, `created_at`, `updated_at`) VALUES (98, 98, 98, 'qui', 78504615, '53', '2005-10-16 03:18:20', '1985-03-03 01:51:15');
INSERT INTO `media` (`id`, `media_type_id`, `user_id`, `filename`, `size`, `metadata`, `created_at`, `updated_at`) VALUES (99, 99, 99, 'porro', 738, '45', '1992-01-15 18:21:01', '1979-08-21 08:40:41');
INSERT INTO `media` (`id`, `media_type_id`, `user_id`, `filename`, `size`, `metadata`, `created_at`, `updated_at`) VALUES (100, 100, 100, 'porro', 60776, '17', '1980-03-09 21:39:39', '1993-11-16 17:43:08');


#
# TABLE STRUCTURE FOR: media_types
#

DROP TABLE IF EXISTS `media_types`;

CREATE TABLE `media_types` (
  `id` int(10) unsigned NOT NULL AUTO_INCREMENT,
  `name` varchar(255) COLLATE utf8_unicode_ci NOT NULL,
  PRIMARY KEY (`id`),
  UNIQUE KEY `name` (`name`)
) ENGINE=InnoDB AUTO_INCREMENT=101 DEFAULT CHARSET=utf8 COLLATE=utf8_unicode_ci;

INSERT INTO `media_types` (`id`, `name`) VALUES (5, 'a');
INSERT INTO `media_types` (`id`, `name`) VALUES (97, 'ab');
INSERT INTO `media_types` (`id`, `name`) VALUES (84, 'accusamus');
INSERT INTO `media_types` (`id`, `name`) VALUES (65, 'adipisci');
INSERT INTO `media_types` (`id`, `name`) VALUES (76, 'aliquam');
INSERT INTO `media_types` (`id`, `name`) VALUES (34, 'aliquid');
INSERT INTO `media_types` (`id`, `name`) VALUES (73, 'aperiam');
INSERT INTO `media_types` (`id`, `name`) VALUES (72, 'architecto');
INSERT INTO `media_types` (`id`, `name`) VALUES (36, 'asperiores');
INSERT INTO `media_types` (`id`, `name`) VALUES (42, 'assumenda');
INSERT INTO `media_types` (`id`, `name`) VALUES (13, 'atque');
INSERT INTO `media_types` (`id`, `name`) VALUES (8, 'aut');
INSERT INTO `media_types` (`id`, `name`) VALUES (4, 'autem');
INSERT INTO `media_types` (`id`, `name`) VALUES (45, 'consequatur');
INSERT INTO `media_types` (`id`, `name`) VALUES (55, 'corporis');
INSERT INTO `media_types` (`id`, `name`) VALUES (51, 'cumque');
INSERT INTO `media_types` (`id`, `name`) VALUES (48, 'debitis');
INSERT INTO `media_types` (`id`, `name`) VALUES (22, 'delectus');
INSERT INTO `media_types` (`id`, `name`) VALUES (96, 'deserunt');
INSERT INTO `media_types` (`id`, `name`) VALUES (50, 'dicta');
INSERT INTO `media_types` (`id`, `name`) VALUES (44, 'dignissimos');
INSERT INTO `media_types` (`id`, `name`) VALUES (54, 'distinctio');
INSERT INTO `media_types` (`id`, `name`) VALUES (68, 'dolor');
INSERT INTO `media_types` (`id`, `name`) VALUES (47, 'dolorem');
INSERT INTO `media_types` (`id`, `name`) VALUES (38, 'doloribus');
INSERT INTO `media_types` (`id`, `name`) VALUES (12, 'dolorum');
INSERT INTO `media_types` (`id`, `name`) VALUES (30, 'ea');
INSERT INTO `media_types` (`id`, `name`) VALUES (74, 'earum');
INSERT INTO `media_types` (`id`, `name`) VALUES (62, 'eligendi');
INSERT INTO `media_types` (`id`, `name`) VALUES (32, 'enim');
INSERT INTO `media_types` (`id`, `name`) VALUES (9, 'eos');
INSERT INTO `media_types` (`id`, `name`) VALUES (20, 'error');
INSERT INTO `media_types` (`id`, `name`) VALUES (56, 'esse');
INSERT INTO `media_types` (`id`, `name`) VALUES (75, 'est');
INSERT INTO `media_types` (`id`, `name`) VALUES (16, 'et');
INSERT INTO `media_types` (`id`, `name`) VALUES (69, 'eum');
INSERT INTO `media_types` (`id`, `name`) VALUES (87, 'excepturi');
INSERT INTO `media_types` (`id`, `name`) VALUES (66, 'explicabo');
INSERT INTO `media_types` (`id`, `name`) VALUES (23, 'facilis');
INSERT INTO `media_types` (`id`, `name`) VALUES (64, 'fuga');
INSERT INTO `media_types` (`id`, `name`) VALUES (93, 'fugit');
INSERT INTO `media_types` (`id`, `name`) VALUES (60, 'harum');
INSERT INTO `media_types` (`id`, `name`) VALUES (71, 'id');
INSERT INTO `media_types` (`id`, `name`) VALUES (25, 'illo');
INSERT INTO `media_types` (`id`, `name`) VALUES (92, 'illum');
INSERT INTO `media_types` (`id`, `name`) VALUES (2, 'impedit');
INSERT INTO `media_types` (`id`, `name`) VALUES (57, 'inventore');
INSERT INTO `media_types` (`id`, `name`) VALUES (63, 'ipsa');
INSERT INTO `media_types` (`id`, `name`) VALUES (40, 'labore');
INSERT INTO `media_types` (`id`, `name`) VALUES (98, 'laborum');
INSERT INTO `media_types` (`id`, `name`) VALUES (21, 'libero');
INSERT INTO `media_types` (`id`, `name`) VALUES (86, 'magni');
INSERT INTO `media_types` (`id`, `name`) VALUES (85, 'minima');
INSERT INTO `media_types` (`id`, `name`) VALUES (82, 'modi');
INSERT INTO `media_types` (`id`, `name`) VALUES (83, 'molestiae');
INSERT INTO `media_types` (`id`, `name`) VALUES (79, 'nam');
INSERT INTO `media_types` (`id`, `name`) VALUES (1, 'nemo');
INSERT INTO `media_types` (`id`, `name`) VALUES (11, 'nesciunt');
INSERT INTO `media_types` (`id`, `name`) VALUES (88, 'nihil');
INSERT INTO `media_types` (`id`, `name`) VALUES (46, 'nisi');
INSERT INTO `media_types` (`id`, `name`) VALUES (15, 'non');
INSERT INTO `media_types` (`id`, `name`) VALUES (52, 'nulla');
INSERT INTO `media_types` (`id`, `name`) VALUES (41, 'odio');
INSERT INTO `media_types` (`id`, `name`) VALUES (89, 'odit');
INSERT INTO `media_types` (`id`, `name`) VALUES (17, 'omnis');
INSERT INTO `media_types` (`id`, `name`) VALUES (80, 'pariatur');
INSERT INTO `media_types` (`id`, `name`) VALUES (77, 'perferendis');
INSERT INTO `media_types` (`id`, `name`) VALUES (31, 'perspiciatis');
INSERT INTO `media_types` (`id`, `name`) VALUES (53, 'placeat');
INSERT INTO `media_types` (`id`, `name`) VALUES (6, 'qui');
INSERT INTO `media_types` (`id`, `name`) VALUES (59, 'quia');
INSERT INTO `media_types` (`id`, `name`) VALUES (27, 'quibusdam');
INSERT INTO `media_types` (`id`, `name`) VALUES (61, 'quis');
INSERT INTO `media_types` (`id`, `name`) VALUES (33, 'quisquam');
INSERT INTO `media_types` (`id`, `name`) VALUES (78, 'quo');
INSERT INTO `media_types` (`id`, `name`) VALUES (99, 'quod');
INSERT INTO `media_types` (`id`, `name`) VALUES (58, 'quos');
INSERT INTO `media_types` (`id`, `name`) VALUES (49, 'ratione');
INSERT INTO `media_types` (`id`, `name`) VALUES (100, 'rem');
INSERT INTO `media_types` (`id`, `name`) VALUES (3, 'rerum');
INSERT INTO `media_types` (`id`, `name`) VALUES (37, 'sapiente');
INSERT INTO `media_types` (`id`, `name`) VALUES (26, 'sed');
INSERT INTO `media_types` (`id`, `name`) VALUES (24, 'sequi');
INSERT INTO `media_types` (`id`, `name`) VALUES (90, 'similique');
INSERT INTO `media_types` (`id`, `name`) VALUES (70, 'sint');
INSERT INTO `media_types` (`id`, `name`) VALUES (29, 'sit');
INSERT INTO `media_types` (`id`, `name`) VALUES (81, 'suscipit');
INSERT INTO `media_types` (`id`, `name`) VALUES (28, 'tempora');
INSERT INTO `media_types` (`id`, `name`) VALUES (39, 'tempore');
INSERT INTO `media_types` (`id`, `name`) VALUES (67, 'temporibus');
INSERT INTO `media_types` (`id`, `name`) VALUES (43, 'ut');
INSERT INTO `media_types` (`id`, `name`) VALUES (35, 'vel');
INSERT INTO `media_types` (`id`, `name`) VALUES (19, 'velit');
INSERT INTO `media_types` (`id`, `name`) VALUES (10, 'veniam');
INSERT INTO `media_types` (`id`, `name`) VALUES (7, 'veritatis');
INSERT INTO `media_types` (`id`, `name`) VALUES (94, 'vitae');
INSERT INTO `media_types` (`id`, `name`) VALUES (91, 'voluptas');
INSERT INTO `media_types` (`id`, `name`) VALUES (14, 'voluptatem');
INSERT INTO `media_types` (`id`, `name`) VALUES (18, 'voluptates');
INSERT INTO `media_types` (`id`, `name`) VALUES (95, 'voluptatibus');


#
# TABLE STRUCTURE FOR: messages
#

DROP TABLE IF EXISTS `messages`;

CREATE TABLE `messages` (
  `id` int(10) unsigned NOT NULL AUTO_INCREMENT,
  `from_user_id` int(10) unsigned NOT NULL,
  `to_user_id` int(10) unsigned NOT NULL,
  `body` text COLLATE utf8_unicode_ci NOT NULL,
  `is_important` tinyint(1) DEFAULT NULL,
  `is_delivered` tinyint(1) DEFAULT NULL,
  `created_ad` datetime DEFAULT current_timestamp(),
  PRIMARY KEY (`id`)
) ENGINE=InnoDB AUTO_INCREMENT=101 DEFAULT CHARSET=utf8 COLLATE=utf8_unicode_ci;

INSERT INTO `messages` (`id`, `from_user_id`, `to_user_id`, `body`, `is_important`, `is_delivered`, `created_ad`) VALUES (1, 1, 1, 'Ut et nisi provident beatae neque assumenda. Et laudantium voluptates quidem similique veniam omnis modi. Omnis sapiente expedita consectetur voluptatum.', 0, 0, '2007-07-01 02:34:02');
INSERT INTO `messages` (`id`, `from_user_id`, `to_user_id`, `body`, `is_important`, `is_delivered`, `created_ad`) VALUES (2, 2, 2, 'Tempora suscipit mollitia repellat. Aut eligendi repellat sit beatae. Aut quo velit dicta voluptate possimus. Quos alias dolorem aut facilis tenetur.', 0, 1, '2010-05-18 04:19:22');
INSERT INTO `messages` (`id`, `from_user_id`, `to_user_id`, `body`, `is_important`, `is_delivered`, `created_ad`) VALUES (3, 3, 3, 'Vero quae consequuntur magni et. Est qui qui rem ab odio nulla voluptatem. Iste ullam eum est assumenda numquam ut repellendus.', 1, 1, '2017-02-06 15:34:47');
INSERT INTO `messages` (`id`, `from_user_id`, `to_user_id`, `body`, `is_important`, `is_delivered`, `created_ad`) VALUES (4, 4, 4, 'Quo quisquam nulla eveniet dolor porro. Quod et aliquid dignissimos quasi non. Voluptatem iste quo rem quam optio autem. Non porro sed soluta voluptas culpa.', 1, 1, '1995-07-08 12:55:27');
INSERT INTO `messages` (`id`, `from_user_id`, `to_user_id`, `body`, `is_important`, `is_delivered`, `created_ad`) VALUES (5, 5, 5, 'Molestias dolorem quo eos aut. Quia maiores neque voluptates ut. Nam recusandae veritatis harum aliquam sit explicabo. Qui esse ab eos quis. Sit quisquam quos illum quas a.', 0, 1, '1973-06-16 19:06:42');
INSERT INTO `messages` (`id`, `from_user_id`, `to_user_id`, `body`, `is_important`, `is_delivered`, `created_ad`) VALUES (6, 6, 6, 'At dicta dolor non dolore necessitatibus vitae. Corporis qui ipsum incidunt ipsam.', 0, 1, '2018-11-26 16:13:17');
INSERT INTO `messages` (`id`, `from_user_id`, `to_user_id`, `body`, `is_important`, `is_delivered`, `created_ad`) VALUES (7, 7, 7, 'Quia quisquam fuga est qui eveniet aut debitis. Ut ducimus eum occaecati aut recusandae perspiciatis consequuntur quisquam. Neque sed enim fugiat labore nobis autem repudiandae culpa. Consequatur nihil non esse laudantium voluptas aut qui. Dolore labore minus quis ut.', 0, 1, '1972-08-12 04:02:50');
INSERT INTO `messages` (`id`, `from_user_id`, `to_user_id`, `body`, `is_important`, `is_delivered`, `created_ad`) VALUES (8, 8, 8, 'Libero ut excepturi consequuntur. Voluptas adipisci necessitatibus qui non molestiae velit quas. Cumque quod dolores exercitationem tempore nihil voluptates dignissimos.', 0, 0, '1986-11-14 08:44:09');
INSERT INTO `messages` (`id`, `from_user_id`, `to_user_id`, `body`, `is_important`, `is_delivered`, `created_ad`) VALUES (9, 9, 9, 'Illum atque quibusdam eligendi consectetur eum officiis ex. Omnis nesciunt eum adipisci eaque dignissimos voluptas sint. Error possimus illum ullam reiciendis veniam corrupti sed vero. Labore praesentium incidunt explicabo illo.', 0, 0, '2010-06-14 00:35:25');
INSERT INTO `messages` (`id`, `from_user_id`, `to_user_id`, `body`, `is_important`, `is_delivered`, `created_ad`) VALUES (10, 10, 10, 'Optio molestias libero quia nam qui est. Consequatur aut ea cumque eum.', 1, 0, '2010-04-08 19:33:43');
INSERT INTO `messages` (`id`, `from_user_id`, `to_user_id`, `body`, `is_important`, `is_delivered`, `created_ad`) VALUES (11, 11, 11, 'Eveniet nisi dolores aut assumenda illo nostrum. Est laboriosam ratione vel saepe velit voluptas culpa.', 0, 1, '2003-12-16 12:36:24');
INSERT INTO `messages` (`id`, `from_user_id`, `to_user_id`, `body`, `is_important`, `is_delivered`, `created_ad`) VALUES (12, 12, 12, 'Vel dolorum officia natus deleniti quia. Perferendis earum et atque esse dolores sunt minima. Dolorum eum quia ipsa vero consequatur quam.', 1, 0, '2005-07-14 21:36:05');
INSERT INTO `messages` (`id`, `from_user_id`, `to_user_id`, `body`, `is_important`, `is_delivered`, `created_ad`) VALUES (13, 13, 13, 'Delectus nobis eaque totam repudiandae tenetur. Quo dolor et et aliquid quis possimus. At possimus dolores cupiditate enim.', 1, 1, '1993-03-26 11:43:53');
INSERT INTO `messages` (`id`, `from_user_id`, `to_user_id`, `body`, `is_important`, `is_delivered`, `created_ad`) VALUES (14, 14, 14, 'Fugiat incidunt dolorum aut repellat alias explicabo. Consequuntur eos laboriosam similique harum occaecati molestiae similique.', 0, 0, '1978-05-26 13:03:54');
INSERT INTO `messages` (`id`, `from_user_id`, `to_user_id`, `body`, `is_important`, `is_delivered`, `created_ad`) VALUES (15, 15, 15, 'Recusandae blanditiis dolores qui quia. Ut ea ut quis ut beatae odio deserunt. Deserunt quam autem nam qui et illum. Non neque nam facilis.', 1, 0, '1978-05-29 19:21:26');
INSERT INTO `messages` (`id`, `from_user_id`, `to_user_id`, `body`, `is_important`, `is_delivered`, `created_ad`) VALUES (16, 16, 16, 'Voluptas officiis est repellendus ducimus et. Vel asperiores pariatur rerum incidunt. Expedita non a doloribus voluptatibus aliquid.', 0, 1, '1990-06-26 03:14:40');
INSERT INTO `messages` (`id`, `from_user_id`, `to_user_id`, `body`, `is_important`, `is_delivered`, `created_ad`) VALUES (17, 17, 17, 'Vel ut provident illum voluptas facilis vel ut. Doloribus provident rerum voluptatem laudantium illum placeat. Dolore molestias sunt sint ipsam doloribus sunt.', 1, 1, '1977-03-30 19:42:06');
INSERT INTO `messages` (`id`, `from_user_id`, `to_user_id`, `body`, `is_important`, `is_delivered`, `created_ad`) VALUES (18, 18, 18, 'Doloremque repellat ipsam occaecati commodi eum ipsam consequatur. Sit sed praesentium et hic sed. Alias veniam officia blanditiis in eveniet omnis.', 1, 0, '2010-10-25 14:38:24');
INSERT INTO `messages` (`id`, `from_user_id`, `to_user_id`, `body`, `is_important`, `is_delivered`, `created_ad`) VALUES (19, 19, 19, 'Et vel consequatur dolores asperiores suscipit facilis. Fugit numquam quaerat et. Porro autem exercitationem sapiente quam pariatur.', 1, 1, '1997-12-16 23:46:17');
INSERT INTO `messages` (`id`, `from_user_id`, `to_user_id`, `body`, `is_important`, `is_delivered`, `created_ad`) VALUES (20, 20, 20, 'Deleniti voluptatem impedit quia magnam quisquam explicabo sequi. At minus quia alias qui.', 1, 0, '1983-04-06 00:04:27');
INSERT INTO `messages` (`id`, `from_user_id`, `to_user_id`, `body`, `is_important`, `is_delivered`, `created_ad`) VALUES (21, 21, 21, 'Sequi dolore consequatur rem ut quo. Quam dolores vitae deleniti. Odio tempore aut fugiat aut. Voluptatem dolores saepe ducimus ut tenetur.', 0, 0, '2005-06-10 01:57:12');
INSERT INTO `messages` (`id`, `from_user_id`, `to_user_id`, `body`, `is_important`, `is_delivered`, `created_ad`) VALUES (22, 22, 22, 'Ut voluptatem deserunt exercitationem. Id cum quidem consequuntur. Eos optio iusto autem sed excepturi non qui. Eveniet eos modi atque ratione facilis rerum dolore.', 0, 0, '1998-07-10 22:14:59');
INSERT INTO `messages` (`id`, `from_user_id`, `to_user_id`, `body`, `is_important`, `is_delivered`, `created_ad`) VALUES (23, 23, 23, 'Laborum enim sit ducimus magni ut enim. Commodi doloribus non porro minima iure. Ea ad ut sapiente est nisi soluta eum.', 0, 1, '1978-07-31 02:59:45');
INSERT INTO `messages` (`id`, `from_user_id`, `to_user_id`, `body`, `is_important`, `is_delivered`, `created_ad`) VALUES (24, 24, 24, 'Aut corporis quis labore quisquam corporis. Et saepe dolores dolores nemo aut nihil. Atque nulla facilis deserunt in necessitatibus.', 0, 0, '1977-10-15 10:11:53');
INSERT INTO `messages` (`id`, `from_user_id`, `to_user_id`, `body`, `is_important`, `is_delivered`, `created_ad`) VALUES (25, 25, 25, 'Ea deserunt soluta iste delectus in omnis suscipit. Qui corporis facilis dolor et earum voluptatum quaerat. Ad quibusdam ullam et tempore.', 0, 1, '2010-01-04 23:02:43');
INSERT INTO `messages` (`id`, `from_user_id`, `to_user_id`, `body`, `is_important`, `is_delivered`, `created_ad`) VALUES (26, 26, 26, 'Nulla quia voluptas veniam labore. Ad qui dolor sit hic repellendus hic. Animi est non aut inventore.', 0, 0, '1980-09-17 13:21:33');
INSERT INTO `messages` (`id`, `from_user_id`, `to_user_id`, `body`, `is_important`, `is_delivered`, `created_ad`) VALUES (27, 27, 27, 'Id numquam voluptatem aperiam. Quas ratione eius velit enim. Aut ut aut nihil qui sunt.', 1, 0, '1979-08-20 16:54:00');
INSERT INTO `messages` (`id`, `from_user_id`, `to_user_id`, `body`, `is_important`, `is_delivered`, `created_ad`) VALUES (28, 28, 28, 'Aspernatur quasi cupiditate odio quibusdam eveniet. Autem sequi et doloremque molestiae placeat quis. Error consequatur tenetur laudantium doloribus sunt. Illo cumque in qui.', 0, 1, '1987-08-15 07:17:17');
INSERT INTO `messages` (`id`, `from_user_id`, `to_user_id`, `body`, `is_important`, `is_delivered`, `created_ad`) VALUES (29, 29, 29, 'Similique ducimus magni velit voluptatem voluptatum repellat. Eligendi aperiam sit voluptatum illum nemo similique atque. Ut ut vel id ea quam ab est et. Perferendis numquam quisquam aspernatur cumque quaerat quos quia.', 1, 1, '2010-08-18 17:36:50');
INSERT INTO `messages` (`id`, `from_user_id`, `to_user_id`, `body`, `is_important`, `is_delivered`, `created_ad`) VALUES (30, 30, 30, 'Deserunt recusandae ea est iste sunt est. Totam rerum occaecati quidem quam suscipit minima. A velit et vitae ducimus cum sapiente.', 1, 1, '1998-04-09 12:28:03');
INSERT INTO `messages` (`id`, `from_user_id`, `to_user_id`, `body`, `is_important`, `is_delivered`, `created_ad`) VALUES (31, 31, 31, 'Ducimus ducimus voluptas maiores maxime et aut suscipit. Dolores rerum maiores eos quia illo. Magni dolorem iusto optio nobis ipsam aut.', 0, 0, '1977-10-07 16:14:34');
INSERT INTO `messages` (`id`, `from_user_id`, `to_user_id`, `body`, `is_important`, `is_delivered`, `created_ad`) VALUES (32, 32, 32, 'Incidunt perferendis perferendis amet voluptatum. Rerum corrupti beatae quisquam qui eveniet.', 1, 0, '2005-11-28 02:54:04');
INSERT INTO `messages` (`id`, `from_user_id`, `to_user_id`, `body`, `is_important`, `is_delivered`, `created_ad`) VALUES (33, 33, 33, 'Officia asperiores cupiditate voluptas qui. Sed non similique debitis esse nesciunt facere et. Quisquam ex earum eum a distinctio. Vitae quisquam cumque dolores libero.', 1, 1, '2016-07-05 09:40:35');
INSERT INTO `messages` (`id`, `from_user_id`, `to_user_id`, `body`, `is_important`, `is_delivered`, `created_ad`) VALUES (34, 34, 34, 'Voluptas inventore quo omnis non blanditiis eos at. Voluptatem et ipsa officia. Temporibus numquam dolorum sunt sequi a. Inventore deserunt possimus praesentium sapiente aliquid.', 1, 1, '1977-07-25 10:33:14');
INSERT INTO `messages` (`id`, `from_user_id`, `to_user_id`, `body`, `is_important`, `is_delivered`, `created_ad`) VALUES (35, 35, 35, 'At dicta id nisi. Vel aut commodi autem beatae beatae. Nostrum vel praesentium exercitationem et harum nesciunt et fuga. Est neque temporibus ratione voluptatem dolore accusantium ullam.', 0, 0, '2007-04-04 21:10:00');
INSERT INTO `messages` (`id`, `from_user_id`, `to_user_id`, `body`, `is_important`, `is_delivered`, `created_ad`) VALUES (36, 36, 36, 'Impedit autem voluptatem explicabo libero est ea. Corporis laboriosam consequatur vel et et. Est ut voluptatibus qui ut. Dolores tempora molestias expedita saepe et est corporis.', 0, 0, '1979-09-12 16:39:08');
INSERT INTO `messages` (`id`, `from_user_id`, `to_user_id`, `body`, `is_important`, `is_delivered`, `created_ad`) VALUES (37, 37, 37, 'Adipisci nihil rerum quod eum et. Ut quis dolores aut perspiciatis. Et inventore iure voluptatem culpa culpa ut. Nam sed commodi qui et ut.', 1, 1, '2002-10-14 08:51:20');
INSERT INTO `messages` (`id`, `from_user_id`, `to_user_id`, `body`, `is_important`, `is_delivered`, `created_ad`) VALUES (38, 38, 38, 'Sequi tempora sit sint unde id consequatur odit. Qui sed delectus eligendi aspernatur distinctio. Pariatur rerum ut sapiente magnam ex eos dolor. Doloremque eum nisi voluptatibus in quia accusamus.', 0, 1, '1995-11-05 19:23:24');
INSERT INTO `messages` (`id`, `from_user_id`, `to_user_id`, `body`, `is_important`, `is_delivered`, `created_ad`) VALUES (39, 39, 39, 'Iste et neque ut eum dolores. Est eligendi iusto repellat libero deserunt reprehenderit voluptas. Reprehenderit reprehenderit accusantium officia qui maiores. Eaque provident non aspernatur sequi vero dolores. Ut debitis consequuntur maiores iste quidem.', 1, 1, '1996-06-19 09:30:34');
INSERT INTO `messages` (`id`, `from_user_id`, `to_user_id`, `body`, `is_important`, `is_delivered`, `created_ad`) VALUES (40, 40, 40, 'Dolor voluptas omnis inventore sed occaecati eveniet eaque. Sed et ea magni mollitia. Voluptate assumenda ut in magnam. Nihil voluptatem et deserunt cumque.', 1, 0, '1985-06-22 07:36:51');
INSERT INTO `messages` (`id`, `from_user_id`, `to_user_id`, `body`, `is_important`, `is_delivered`, `created_ad`) VALUES (41, 41, 41, 'Maiores et tenetur et quidem officia itaque eos. Non qui sint nostrum maxime quaerat quia veniam. Aut voluptatem architecto ex. Laudantium dolorem aut odit tempore esse.', 0, 1, '1979-11-23 14:58:20');
INSERT INTO `messages` (`id`, `from_user_id`, `to_user_id`, `body`, `is_important`, `is_delivered`, `created_ad`) VALUES (42, 42, 42, 'Occaecati quia quo rerum nulla. Modi eius distinctio deleniti est est culpa nobis. Distinctio voluptatem placeat molestiae cum quo recusandae. Ratione voluptatem ipsam sed exercitationem tempore quia nihil dignissimos.', 0, 1, '2002-10-30 00:10:55');
INSERT INTO `messages` (`id`, `from_user_id`, `to_user_id`, `body`, `is_important`, `is_delivered`, `created_ad`) VALUES (43, 43, 43, 'Corrupti dicta tempore aliquam id quo deserunt. Qui aut modi a id autem sunt sapiente iusto. Dolor nesciunt alias doloremque accusantium. Repellat et voluptas a molestias nam.', 1, 0, '1992-10-25 20:52:34');
INSERT INTO `messages` (`id`, `from_user_id`, `to_user_id`, `body`, `is_important`, `is_delivered`, `created_ad`) VALUES (44, 44, 44, 'Est occaecati doloremque velit rerum cupiditate voluptatem quia in. Deleniti et quidem natus saepe. Placeat est nostrum temporibus tempore dolores aliquam. Voluptatem odio natus ab et sit rem nihil est.', 1, 1, '2003-05-14 10:45:59');
INSERT INTO `messages` (`id`, `from_user_id`, `to_user_id`, `body`, `is_important`, `is_delivered`, `created_ad`) VALUES (45, 45, 45, 'Quidem corrupti consequatur temporibus velit. Sed suscipit beatae corporis ex. Deleniti quam explicabo quibusdam placeat esse commodi sit. Ea consequatur error corrupti fuga vel consequatur sit voluptatum. Voluptatem est omnis rerum qui.', 1, 1, '1982-09-17 11:26:39');
INSERT INTO `messages` (`id`, `from_user_id`, `to_user_id`, `body`, `is_important`, `is_delivered`, `created_ad`) VALUES (46, 46, 46, 'Itaque quia optio voluptatem delectus facere. Voluptas error minima incidunt id blanditiis voluptas provident. Quos quae blanditiis unde dolore nobis. Quo labore nam tempore similique.', 0, 0, '2005-07-24 18:56:46');
INSERT INTO `messages` (`id`, `from_user_id`, `to_user_id`, `body`, `is_important`, `is_delivered`, `created_ad`) VALUES (47, 47, 47, 'Molestias modi eum omnis dolor iusto consequatur cupiditate. Qui et voluptates dignissimos nam sit est. Eaque dolorum eius dolorem saepe eligendi.', 1, 0, '2014-03-11 23:25:11');
INSERT INTO `messages` (`id`, `from_user_id`, `to_user_id`, `body`, `is_important`, `is_delivered`, `created_ad`) VALUES (48, 48, 48, 'Fuga possimus voluptate molestiae aut vero. Est nobis facilis numquam ipsum necessitatibus. Ea et velit doloremque totam perspiciatis in et. Aut voluptatem vel at illo temporibus nisi.', 0, 0, '1975-02-08 18:44:15');
INSERT INTO `messages` (`id`, `from_user_id`, `to_user_id`, `body`, `is_important`, `is_delivered`, `created_ad`) VALUES (49, 49, 49, 'Laborum possimus eum hic qui corporis qui necessitatibus. Ut sit voluptatibus quaerat culpa et pariatur.', 1, 0, '1978-06-15 18:50:09');
INSERT INTO `messages` (`id`, `from_user_id`, `to_user_id`, `body`, `is_important`, `is_delivered`, `created_ad`) VALUES (50, 50, 50, 'Illo natus quisquam porro omnis eum. Sit aut laudantium nihil delectus nisi maiores. Debitis aut quam quis dolorem in doloremque. Deleniti unde sed aut laudantium.', 1, 0, '1971-02-12 14:13:11');
INSERT INTO `messages` (`id`, `from_user_id`, `to_user_id`, `body`, `is_important`, `is_delivered`, `created_ad`) VALUES (51, 51, 51, 'Nobis delectus id qui maxime sunt ut. Commodi nostrum adipisci perferendis eius illo qui. Voluptas reprehenderit ducimus omnis nisi.', 1, 1, '1987-09-14 04:59:23');
INSERT INTO `messages` (`id`, `from_user_id`, `to_user_id`, `body`, `is_important`, `is_delivered`, `created_ad`) VALUES (52, 52, 52, 'Voluptates possimus libero eos consequatur facilis dolore. Itaque magni autem ut magni. Dolore libero voluptatem nemo ea repudiandae sed vel suscipit.', 0, 1, '1990-03-14 02:44:38');
INSERT INTO `messages` (`id`, `from_user_id`, `to_user_id`, `body`, `is_important`, `is_delivered`, `created_ad`) VALUES (53, 53, 53, 'Est iste sed sapiente aliquid tempore. Explicabo officia illum et est voluptatibus officia labore. Esse laborum consequuntur voluptatem perferendis expedita.', 0, 0, '1990-10-12 20:46:25');
INSERT INTO `messages` (`id`, `from_user_id`, `to_user_id`, `body`, `is_important`, `is_delivered`, `created_ad`) VALUES (54, 54, 54, 'Soluta enim ut et consequatur. Nemo possimus ut qui qui minima. Rerum quis vero ut veritatis quaerat eligendi iure.', 0, 1, '1986-03-25 23:56:44');
INSERT INTO `messages` (`id`, `from_user_id`, `to_user_id`, `body`, `is_important`, `is_delivered`, `created_ad`) VALUES (55, 55, 55, 'Voluptatibus enim temporibus totam hic quasi. Magni doloremque deserunt cupiditate eligendi quidem enim qui. Dolorem deleniti molestiae provident aut id cumque aut. Rerum expedita rerum asperiores odio sit omnis.', 0, 0, '1984-05-28 09:54:04');
INSERT INTO `messages` (`id`, `from_user_id`, `to_user_id`, `body`, `is_important`, `is_delivered`, `created_ad`) VALUES (56, 56, 56, 'Et ipsa autem consequatur. Facilis et corrupti quia velit aliquam qui excepturi iste. Quis error doloremque fugit quia cum et sed. Dolorem corrupti molestiae placeat aliquid voluptas quia.', 0, 1, '1985-02-19 21:43:32');
INSERT INTO `messages` (`id`, `from_user_id`, `to_user_id`, `body`, `is_important`, `is_delivered`, `created_ad`) VALUES (57, 57, 57, 'Expedita delectus voluptatem explicabo reiciendis. In sunt fuga blanditiis. Deleniti est qui similique magni doloremque ipsa.', 1, 1, '1975-08-19 07:44:15');
INSERT INTO `messages` (`id`, `from_user_id`, `to_user_id`, `body`, `is_important`, `is_delivered`, `created_ad`) VALUES (58, 58, 58, 'Ullam sint deleniti beatae et aut. Qui ducimus repellendus quo vel qui in quo. Ducimus earum fuga autem et necessitatibus esse fugiat sunt. Ullam maxime aut dolores perspiciatis sit.', 1, 1, '2006-02-12 23:11:58');
INSERT INTO `messages` (`id`, `from_user_id`, `to_user_id`, `body`, `is_important`, `is_delivered`, `created_ad`) VALUES (59, 59, 59, 'Aspernatur dolor sequi minus. Consequatur asperiores porro et. Maxime architecto cupiditate ut sed. Quo exercitationem qui ullam alias repellat facere vel.', 1, 0, '1980-07-15 20:30:12');
INSERT INTO `messages` (`id`, `from_user_id`, `to_user_id`, `body`, `is_important`, `is_delivered`, `created_ad`) VALUES (60, 60, 60, 'Quia voluptatum doloremque reprehenderit impedit sapiente rerum dolorum. Quibusdam doloribus a sed ut voluptas exercitationem. Totam reprehenderit in alias sequi non eos.', 1, 0, '1989-12-14 04:36:51');
INSERT INTO `messages` (`id`, `from_user_id`, `to_user_id`, `body`, `is_important`, `is_delivered`, `created_ad`) VALUES (61, 61, 61, 'Eum doloremque omnis quia. Est deserunt voluptates corrupti corporis. Voluptatem ut pariatur nostrum. Repellat vel ut ea nisi.', 1, 0, '1981-07-02 02:58:48');
INSERT INTO `messages` (`id`, `from_user_id`, `to_user_id`, `body`, `is_important`, `is_delivered`, `created_ad`) VALUES (62, 62, 62, 'Voluptatibus qui aut vitae. Et sapiente autem cupiditate veritatis ut ut. Perspiciatis nulla libero molestias labore nam dolorem consectetur ipsam.', 1, 0, '1982-06-12 02:27:48');
INSERT INTO `messages` (`id`, `from_user_id`, `to_user_id`, `body`, `is_important`, `is_delivered`, `created_ad`) VALUES (63, 63, 63, 'Illo rerum sed asperiores voluptatibus ipsa illo quo. Iusto quasi neque molestiae. Voluptatibus laborum dolorum hic veritatis earum. Saepe ut qui dolores veniam temporibus reprehenderit.', 0, 1, '1971-08-22 11:33:42');
INSERT INTO `messages` (`id`, `from_user_id`, `to_user_id`, `body`, `is_important`, `is_delivered`, `created_ad`) VALUES (64, 64, 64, 'Dicta quod iusto sint necessitatibus. Sunt minima ut ut qui occaecati. Fugiat voluptatum explicabo eligendi et.', 0, 1, '1997-04-21 20:27:20');
INSERT INTO `messages` (`id`, `from_user_id`, `to_user_id`, `body`, `is_important`, `is_delivered`, `created_ad`) VALUES (65, 65, 65, 'Non veniam consequuntur laborum accusamus molestias enim. Numquam vel iste quia. Debitis et corporis eveniet amet temporibus totam.', 1, 1, '1977-08-07 14:54:16');
INSERT INTO `messages` (`id`, `from_user_id`, `to_user_id`, `body`, `is_important`, `is_delivered`, `created_ad`) VALUES (66, 66, 66, 'Aliquid vel est est corporis. Voluptas ratione ullam possimus sapiente.', 0, 1, '2006-05-20 11:44:29');
INSERT INTO `messages` (`id`, `from_user_id`, `to_user_id`, `body`, `is_important`, `is_delivered`, `created_ad`) VALUES (67, 67, 67, 'Provident sapiente dolore velit illum non. Qui quia aliquam ut aut iure. Quam eius voluptates veritatis nisi doloremque qui et laboriosam.', 1, 1, '1985-03-01 14:09:22');
INSERT INTO `messages` (`id`, `from_user_id`, `to_user_id`, `body`, `is_important`, `is_delivered`, `created_ad`) VALUES (68, 68, 68, 'Quia reprehenderit praesentium asperiores voluptatem repellendus rerum ullam. Perferendis ab sed dolorem quis vel. Enim repellat magni unde iste voluptatem sed eos voluptatibus. Optio eius et aut consectetur earum. Quisquam rerum qui vel temporibus fugit.', 1, 0, '1987-10-09 09:35:01');
INSERT INTO `messages` (`id`, `from_user_id`, `to_user_id`, `body`, `is_important`, `is_delivered`, `created_ad`) VALUES (69, 69, 69, 'Dignissimos voluptas velit in sit adipisci voluptates modi quia. Eveniet velit sequi esse iusto suscipit. Laboriosam vel aperiam inventore. Nesciunt quasi omnis et rerum.', 1, 0, '1994-11-23 03:07:12');
INSERT INTO `messages` (`id`, `from_user_id`, `to_user_id`, `body`, `is_important`, `is_delivered`, `created_ad`) VALUES (70, 70, 70, 'Quis consequatur molestiae vel doloribus. Sunt maxime consequatur quae voluptate aliquid animi dolorem. Corporis tempora assumenda adipisci animi et optio.', 0, 1, '1972-04-20 04:12:37');
INSERT INTO `messages` (`id`, `from_user_id`, `to_user_id`, `body`, `is_important`, `is_delivered`, `created_ad`) VALUES (71, 71, 71, 'Molestiae vitae quisquam quia in culpa ipsam corrupti. Natus labore iste provident est repellendus quis et. Sit vel voluptate et amet perferendis.', 1, 0, '2017-02-08 06:26:18');
INSERT INTO `messages` (`id`, `from_user_id`, `to_user_id`, `body`, `is_important`, `is_delivered`, `created_ad`) VALUES (72, 72, 72, 'Maxime est voluptatem iure dignissimos. Sint est consequuntur laborum voluptatibus. Velit ut maiores alias ut quaerat ducimus ut. Ut ratione consectetur sed minus et ut omnis.', 0, 1, '1995-11-29 07:27:56');
INSERT INTO `messages` (`id`, `from_user_id`, `to_user_id`, `body`, `is_important`, `is_delivered`, `created_ad`) VALUES (73, 73, 73, 'Aut ratione eum eligendi eum tempore et autem. Velit rerum nihil nostrum nihil vero aliquam. Dicta aut ducimus qui labore non nemo.', 0, 1, '1970-09-21 16:48:08');
INSERT INTO `messages` (`id`, `from_user_id`, `to_user_id`, `body`, `is_important`, `is_delivered`, `created_ad`) VALUES (74, 74, 74, 'Fuga dolore tenetur voluptatem illum. Totam accusantium molestias sed enim est quo debitis. Enim nesciunt laboriosam architecto adipisci quisquam doloribus impedit. Iusto tenetur dolorem cupiditate nemo deleniti sit beatae. Sit quibusdam et voluptatibus aut ut vel fugit.', 1, 1, '1992-11-30 12:49:05');
INSERT INTO `messages` (`id`, `from_user_id`, `to_user_id`, `body`, `is_important`, `is_delivered`, `created_ad`) VALUES (75, 75, 75, 'Culpa soluta qui qui dolorem ut id aut. Aut sequi repellat ullam qui. Modi voluptates nisi enim quis sed. Ex a in ullam adipisci.', 1, 0, '2003-10-24 02:47:52');
INSERT INTO `messages` (`id`, `from_user_id`, `to_user_id`, `body`, `is_important`, `is_delivered`, `created_ad`) VALUES (76, 76, 76, 'Eum tenetur est blanditiis voluptatem vel deleniti. Voluptatum numquam et vel dolores dolore est velit. Fugit assumenda praesentium et ipsam tempora inventore.', 0, 0, '1989-05-14 03:02:17');
INSERT INTO `messages` (`id`, `from_user_id`, `to_user_id`, `body`, `is_important`, `is_delivered`, `created_ad`) VALUES (77, 77, 77, 'Nostrum alias et eum eum in. Incidunt ex ipsa mollitia maiores quaerat et nobis. Qui expedita ut repellendus enim.', 0, 0, '2003-03-10 11:06:45');
INSERT INTO `messages` (`id`, `from_user_id`, `to_user_id`, `body`, `is_important`, `is_delivered`, `created_ad`) VALUES (78, 78, 78, 'Dicta molestiae atque dolor ut blanditiis explicabo. In maxime libero culpa est. Sed ex qui accusantium in qui est.', 0, 0, '1974-12-07 22:24:35');
INSERT INTO `messages` (`id`, `from_user_id`, `to_user_id`, `body`, `is_important`, `is_delivered`, `created_ad`) VALUES (79, 79, 79, 'Quas provident ut quas explicabo eius. Et omnis consequatur ducimus eligendi. Voluptatibus sunt cumque sequi doloremque corrupti harum. Quo quidem quam maiores enim laborum et.', 0, 0, '1974-09-08 23:42:57');
INSERT INTO `messages` (`id`, `from_user_id`, `to_user_id`, `body`, `is_important`, `is_delivered`, `created_ad`) VALUES (80, 80, 80, 'Et molestiae qui voluptates eveniet. Nesciunt repellat animi aut. Voluptates sit a ad quidem minus consequatur repellat illo.', 0, 1, '1994-04-30 04:50:08');
INSERT INTO `messages` (`id`, `from_user_id`, `to_user_id`, `body`, `is_important`, `is_delivered`, `created_ad`) VALUES (81, 81, 81, 'Nesciunt quia incidunt aperiam aut voluptatem laboriosam placeat. Iusto quae officia non fugiat. Reiciendis blanditiis ipsa qui pariatur error voluptatibus.', 1, 0, '2017-05-29 21:05:46');
INSERT INTO `messages` (`id`, `from_user_id`, `to_user_id`, `body`, `is_important`, `is_delivered`, `created_ad`) VALUES (82, 82, 82, 'Aut nulla odit cumque laboriosam molestiae. Repudiandae nostrum voluptatum debitis ea. Non expedita sit omnis nobis.', 1, 1, '1972-07-30 15:20:57');
INSERT INTO `messages` (`id`, `from_user_id`, `to_user_id`, `body`, `is_important`, `is_delivered`, `created_ad`) VALUES (83, 83, 83, 'Recusandae quia sunt qui fuga. Rerum maxime id nemo quam. Totam aut vel praesentium minus sapiente et eius. Saepe a aperiam vero rerum neque.', 0, 0, '1978-09-04 18:51:49');
INSERT INTO `messages` (`id`, `from_user_id`, `to_user_id`, `body`, `is_important`, `is_delivered`, `created_ad`) VALUES (84, 84, 84, 'Unde et explicabo pariatur quo modi corrupti. Animi dolor eaque repudiandae quis sunt. Dolores et aut aliquam non quas nobis ex. Consequatur et ipsa laudantium reiciendis.', 0, 0, '1986-09-19 02:30:33');
INSERT INTO `messages` (`id`, `from_user_id`, `to_user_id`, `body`, `is_important`, `is_delivered`, `created_ad`) VALUES (85, 85, 85, 'Minima distinctio expedita nihil possimus et necessitatibus in. Molestiae est sequi modi voluptatem aut. Vitae explicabo voluptatibus at voluptas ut hic incidunt. Dicta expedita est veniam quis necessitatibus laboriosam.', 0, 0, '1975-01-23 23:48:25');
INSERT INTO `messages` (`id`, `from_user_id`, `to_user_id`, `body`, `is_important`, `is_delivered`, `created_ad`) VALUES (86, 86, 86, 'Quia sit expedita voluptas sint modi qui. Necessitatibus aliquam beatae et ex rerum perferendis qui.', 0, 1, '2005-12-14 05:00:26');
INSERT INTO `messages` (`id`, `from_user_id`, `to_user_id`, `body`, `is_important`, `is_delivered`, `created_ad`) VALUES (87, 87, 87, 'Sunt voluptate iure tempore ut odio et. Voluptatem possimus iure vitae in nisi dignissimos.', 1, 0, '2010-10-14 14:55:44');
INSERT INTO `messages` (`id`, `from_user_id`, `to_user_id`, `body`, `is_important`, `is_delivered`, `created_ad`) VALUES (88, 88, 88, 'Necessitatibus iure repudiandae vitae enim molestiae minima fuga. Quia iure mollitia id aspernatur. Aut sunt et sed dolor aut nemo asperiores.', 1, 1, '2008-03-07 13:46:52');
INSERT INTO `messages` (`id`, `from_user_id`, `to_user_id`, `body`, `is_important`, `is_delivered`, `created_ad`) VALUES (89, 89, 89, 'Quas beatae debitis quasi est maiores. Nihil vitae nihil vero aspernatur. Nihil quasi asperiores velit beatae doloremque praesentium et. Sequi dolor sint ex et ut nulla.', 0, 1, '2014-03-13 22:54:47');
INSERT INTO `messages` (`id`, `from_user_id`, `to_user_id`, `body`, `is_important`, `is_delivered`, `created_ad`) VALUES (90, 90, 90, 'Quia fuga distinctio aut quia. Tempora est veniam esse omnis necessitatibus voluptatibus. Est aut debitis eos vel voluptatibus cupiditate placeat. Perspiciatis repellat laboriosam ullam provident earum.', 0, 1, '1979-09-02 07:25:27');
INSERT INTO `messages` (`id`, `from_user_id`, `to_user_id`, `body`, `is_important`, `is_delivered`, `created_ad`) VALUES (91, 91, 91, 'Facere aut in et quod. Qui dignissimos ipsam facilis et modi. Nisi quos nisi necessitatibus dolorum qui. Autem totam velit sint a sit. Asperiores minima officiis facere necessitatibus.', 1, 1, '1991-08-15 02:43:54');
INSERT INTO `messages` (`id`, `from_user_id`, `to_user_id`, `body`, `is_important`, `is_delivered`, `created_ad`) VALUES (92, 92, 92, 'Architecto vero aut eos voluptatibus. Eveniet velit occaecati et. Et et autem eum asperiores suscipit ut. Quod et accusantium vel qui et sint doloribus quia.', 1, 1, '1978-10-24 08:10:34');
INSERT INTO `messages` (`id`, `from_user_id`, `to_user_id`, `body`, `is_important`, `is_delivered`, `created_ad`) VALUES (93, 93, 93, 'Sapiente nostrum rerum aspernatur ut. Dignissimos est assumenda eos ut. Aspernatur accusamus veniam repellendus nam non tempora beatae sit. Impedit adipisci sed esse architecto vel corrupti.', 1, 1, '1990-04-11 06:42:48');
INSERT INTO `messages` (`id`, `from_user_id`, `to_user_id`, `body`, `is_important`, `is_delivered`, `created_ad`) VALUES (94, 94, 94, 'Fugit nam quaerat quia facere enim vel. Rerum officia non assumenda autem deleniti optio nostrum. Vel ad beatae cupiditate voluptas sit culpa. Tempore architecto commodi ea cum.', 0, 0, '2018-12-31 01:23:05');
INSERT INTO `messages` (`id`, `from_user_id`, `to_user_id`, `body`, `is_important`, `is_delivered`, `created_ad`) VALUES (95, 95, 95, 'Accusantium id ducimus quos architecto voluptatibus. Amet deserunt maxime non porro sit et rerum.', 0, 0, '1975-03-28 10:42:08');
INSERT INTO `messages` (`id`, `from_user_id`, `to_user_id`, `body`, `is_important`, `is_delivered`, `created_ad`) VALUES (96, 96, 96, 'Odit deleniti explicabo consectetur. Voluptatem sed quia exercitationem quis distinctio nihil.', 0, 1, '2001-12-04 13:45:05');
INSERT INTO `messages` (`id`, `from_user_id`, `to_user_id`, `body`, `is_important`, `is_delivered`, `created_ad`) VALUES (97, 97, 97, 'Sed illum odio eum quia quam nemo. Fugit consequatur et minus accusantium porro omnis qui. Culpa accusamus non impedit omnis corporis.', 1, 0, '2002-08-28 08:06:54');
INSERT INTO `messages` (`id`, `from_user_id`, `to_user_id`, `body`, `is_important`, `is_delivered`, `created_ad`) VALUES (98, 98, 98, 'Quod nostrum asperiores suscipit sequi earum necessitatibus assumenda molestiae. Eveniet amet sed deserunt beatae dolorem molestiae iure vero. Atque autem delectus eveniet ut. Cupiditate molestiae necessitatibus numquam aut earum est voluptas.', 0, 1, '1979-06-09 05:01:36');
INSERT INTO `messages` (`id`, `from_user_id`, `to_user_id`, `body`, `is_important`, `is_delivered`, `created_ad`) VALUES (99, 99, 99, 'Iste sit placeat eos voluptatibus quos culpa. Unde quibusdam laboriosam et voluptas dignissimos ut vitae. Alias ea dolorum impedit vitae sit atque. Animi est vero est cum nihil et et culpa.', 0, 0, '1979-05-14 23:14:44');
INSERT INTO `messages` (`id`, `from_user_id`, `to_user_id`, `body`, `is_important`, `is_delivered`, `created_ad`) VALUES (100, 100, 100, 'Deserunt quibusdam nesciunt ratione. Hic quia aut quo odit ex nam. Animi quia et ea et.', 0, 0, '1980-10-26 07:25:42');


#
# TABLE STRUCTURE FOR: profiles
#

DROP TABLE IF EXISTS `profiles`;

CREATE TABLE `profiles` (
  `user_id` int(10) unsigned NOT NULL,
  `sex` char(1) COLLATE utf8_unicode_ci NOT NULL,
  `birthday` date DEFAULT NULL,
  `hometown` varchar(100) COLLATE utf8_unicode_ci DEFAULT NULL,
  `photo_id` int(10) unsigned NOT NULL,
  PRIMARY KEY (`user_id`)
) ENGINE=InnoDB DEFAULT CHARSET=utf8 COLLATE=utf8_unicode_ci;

INSERT INTO `profiles` (`user_id`, `sex`, `birthday`, `hometown`, `photo_id`) VALUES (1, 'P', '1978-05-03', 'Port Gracielaborough', 31);
INSERT INTO `profiles` (`user_id`, `sex`, `birthday`, `hometown`, `photo_id`) VALUES (2, 'M', '1991-06-21', 'Joelleburgh', 21);
INSERT INTO `profiles` (`user_id`, `sex`, `birthday`, `hometown`, `photo_id`) VALUES (3, 'M', '1979-10-10', 'South Mariafurt', 84);
INSERT INTO `profiles` (`user_id`, `sex`, `birthday`, `hometown`, `photo_id`) VALUES (4, 'M', '1994-08-08', 'Murazikshire', 48);
INSERT INTO `profiles` (`user_id`, `sex`, `birthday`, `hometown`, `photo_id`) VALUES (5, 'D', '1998-05-08', 'Saulborough', 27);
INSERT INTO `profiles` (`user_id`, `sex`, `birthday`, `hometown`, `photo_id`) VALUES (6, 'M', '1997-05-26', 'Greenview', 67);
INSERT INTO `profiles` (`user_id`, `sex`, `birthday`, `hometown`, `photo_id`) VALUES (7, 'M', '2002-11-19', 'Schaeferton', 48);
INSERT INTO `profiles` (`user_id`, `sex`, `birthday`, `hometown`, `photo_id`) VALUES (8, 'D', '2007-12-28', 'South Rylanfort', 36);
INSERT INTO `profiles` (`user_id`, `sex`, `birthday`, `hometown`, `photo_id`) VALUES (9, 'P', '1982-11-01', 'West Carson', 82);
INSERT INTO `profiles` (`user_id`, `sex`, `birthday`, `hometown`, `photo_id`) VALUES (10, 'M', '2015-05-19', 'Schultzborough', 69);
INSERT INTO `profiles` (`user_id`, `sex`, `birthday`, `hometown`, `photo_id`) VALUES (11, 'M', '1970-02-26', 'Bergeville', 49);
INSERT INTO `profiles` (`user_id`, `sex`, `birthday`, `hometown`, `photo_id`) VALUES (12, 'M', '1983-07-08', 'South Bryanamouth', 54);
INSERT INTO `profiles` (`user_id`, `sex`, `birthday`, `hometown`, `photo_id`) VALUES (13, 'M', '1982-08-25', 'D\'angelohaven', 8);
INSERT INTO `profiles` (`user_id`, `sex`, `birthday`, `hometown`, `photo_id`) VALUES (14, 'M', '2000-10-19', 'North Hazel', 100);
INSERT INTO `profiles` (`user_id`, `sex`, `birthday`, `hometown`, `photo_id`) VALUES (15, 'D', '2012-04-08', 'New Kirstin', 82);
INSERT INTO `profiles` (`user_id`, `sex`, `birthday`, `hometown`, `photo_id`) VALUES (16, 'D', '2007-04-11', 'Wiegandtown', 49);
INSERT INTO `profiles` (`user_id`, `sex`, `birthday`, `hometown`, `photo_id`) VALUES (17, 'M', '1978-11-13', 'Pansymouth', 7);
INSERT INTO `profiles` (`user_id`, `sex`, `birthday`, `hometown`, `photo_id`) VALUES (18, 'P', '1979-11-27', 'Treutelhaven', 73);
INSERT INTO `profiles` (`user_id`, `sex`, `birthday`, `hometown`, `photo_id`) VALUES (19, 'M', '2014-02-06', 'Collinsfurt', 24);
INSERT INTO `profiles` (`user_id`, `sex`, `birthday`, `hometown`, `photo_id`) VALUES (20, 'M', '2001-10-04', 'South Lenoreburgh', 4);
INSERT INTO `profiles` (`user_id`, `sex`, `birthday`, `hometown`, `photo_id`) VALUES (21, 'M', '2014-12-01', 'Mayerfurt', 39);
INSERT INTO `profiles` (`user_id`, `sex`, `birthday`, `hometown`, `photo_id`) VALUES (22, 'M', '1986-01-02', 'Lake Rachaelhaven', 49);
INSERT INTO `profiles` (`user_id`, `sex`, `birthday`, `hometown`, `photo_id`) VALUES (23, 'M', '2010-03-16', 'Aufderharburgh', 9);
INSERT INTO `profiles` (`user_id`, `sex`, `birthday`, `hometown`, `photo_id`) VALUES (24, 'P', '2011-11-16', 'Eldoramouth', 86);
INSERT INTO `profiles` (`user_id`, `sex`, `birthday`, `hometown`, `photo_id`) VALUES (25, 'P', '1983-09-25', 'East Makaylaberg', 36);
INSERT INTO `profiles` (`user_id`, `sex`, `birthday`, `hometown`, `photo_id`) VALUES (26, 'M', '2010-09-30', 'South Jayda', 23);
INSERT INTO `profiles` (`user_id`, `sex`, `birthday`, `hometown`, `photo_id`) VALUES (27, 'D', '2003-06-09', 'Mannberg', 9);
INSERT INTO `profiles` (`user_id`, `sex`, `birthday`, `hometown`, `photo_id`) VALUES (28, 'P', '2018-02-08', 'East Ozellahaven', 6);
INSERT INTO `profiles` (`user_id`, `sex`, `birthday`, `hometown`, `photo_id`) VALUES (29, 'P', '1977-01-06', 'Ivoryfort', 68);
INSERT INTO `profiles` (`user_id`, `sex`, `birthday`, `hometown`, `photo_id`) VALUES (30, 'D', '2019-08-30', 'North Claudia', 22);
INSERT INTO `profiles` (`user_id`, `sex`, `birthday`, `hometown`, `photo_id`) VALUES (31, 'D', '1995-05-29', 'Lake Allenfurt', 61);
INSERT INTO `profiles` (`user_id`, `sex`, `birthday`, `hometown`, `photo_id`) VALUES (32, 'M', '2014-08-11', 'Abernathystad', 2);
INSERT INTO `profiles` (`user_id`, `sex`, `birthday`, `hometown`, `photo_id`) VALUES (33, 'P', '2014-10-23', 'Millsville', 90);
INSERT INTO `profiles` (`user_id`, `sex`, `birthday`, `hometown`, `photo_id`) VALUES (34, 'M', '1993-09-15', 'East Krystina', 40);
INSERT INTO `profiles` (`user_id`, `sex`, `birthday`, `hometown`, `photo_id`) VALUES (35, 'M', '1992-05-29', 'North Gerald', 2);
INSERT INTO `profiles` (`user_id`, `sex`, `birthday`, `hometown`, `photo_id`) VALUES (36, 'P', '1982-03-28', 'South Sandrine', 7);
INSERT INTO `profiles` (`user_id`, `sex`, `birthday`, `hometown`, `photo_id`) VALUES (37, 'M', '1983-07-04', 'Port Mozell', 70);
INSERT INTO `profiles` (`user_id`, `sex`, `birthday`, `hometown`, `photo_id`) VALUES (38, 'D', '2003-05-06', 'Madalineside', 65);
INSERT INTO `profiles` (`user_id`, `sex`, `birthday`, `hometown`, `photo_id`) VALUES (39, 'M', '1973-07-19', 'Amariland', 30);
INSERT INTO `profiles` (`user_id`, `sex`, `birthday`, `hometown`, `photo_id`) VALUES (40, 'D', '1993-10-28', 'West Turner', 60);
INSERT INTO `profiles` (`user_id`, `sex`, `birthday`, `hometown`, `photo_id`) VALUES (41, 'D', '1999-09-15', 'South Flavio', 4);
INSERT INTO `profiles` (`user_id`, `sex`, `birthday`, `hometown`, `photo_id`) VALUES (42, 'M', '1975-11-20', 'Janeburgh', 86);
INSERT INTO `profiles` (`user_id`, `sex`, `birthday`, `hometown`, `photo_id`) VALUES (43, 'P', '1982-03-12', 'Donaldville', 82);
INSERT INTO `profiles` (`user_id`, `sex`, `birthday`, `hometown`, `photo_id`) VALUES (44, 'M', '2014-05-19', 'North Maximilliamouth', 46);
INSERT INTO `profiles` (`user_id`, `sex`, `birthday`, `hometown`, `photo_id`) VALUES (45, 'D', '2011-02-18', 'Greenfelderburgh', 85);
INSERT INTO `profiles` (`user_id`, `sex`, `birthday`, `hometown`, `photo_id`) VALUES (46, 'D', '1975-10-16', 'Kennyfort', 27);
INSERT INTO `profiles` (`user_id`, `sex`, `birthday`, `hometown`, `photo_id`) VALUES (47, 'M', '1996-08-03', 'Goldnertown', 52);
INSERT INTO `profiles` (`user_id`, `sex`, `birthday`, `hometown`, `photo_id`) VALUES (48, 'M', '2011-10-09', 'East Sarina', 16);
INSERT INTO `profiles` (`user_id`, `sex`, `birthday`, `hometown`, `photo_id`) VALUES (49, 'M', '1976-07-12', 'Port Zackarychester', 94);
INSERT INTO `profiles` (`user_id`, `sex`, `birthday`, `hometown`, `photo_id`) VALUES (50, 'P', '1991-10-25', 'Imanimouth', 47);
INSERT INTO `profiles` (`user_id`, `sex`, `birthday`, `hometown`, `photo_id`) VALUES (51, 'M', '2014-04-03', 'East Lane', 47);
INSERT INTO `profiles` (`user_id`, `sex`, `birthday`, `hometown`, `photo_id`) VALUES (52, 'D', '1986-11-20', 'East Michelleburgh', 97);
INSERT INTO `profiles` (`user_id`, `sex`, `birthday`, `hometown`, `photo_id`) VALUES (53, 'P', '1976-12-17', 'Lake Rogersfurt', 79);
INSERT INTO `profiles` (`user_id`, `sex`, `birthday`, `hometown`, `photo_id`) VALUES (54, 'P', '1998-07-03', 'Beulahchester', 65);
INSERT INTO `profiles` (`user_id`, `sex`, `birthday`, `hometown`, `photo_id`) VALUES (55, 'P', '1996-06-13', 'Port Alanna', 25);
INSERT INTO `profiles` (`user_id`, `sex`, `birthday`, `hometown`, `photo_id`) VALUES (56, 'P', '2018-09-30', 'Dickiland', 55);
INSERT INTO `profiles` (`user_id`, `sex`, `birthday`, `hometown`, `photo_id`) VALUES (57, 'D', '1997-07-15', 'Isabelshire', 89);
INSERT INTO `profiles` (`user_id`, `sex`, `birthday`, `hometown`, `photo_id`) VALUES (58, 'M', '1987-09-16', 'East Genoveva', 76);
INSERT INTO `profiles` (`user_id`, `sex`, `birthday`, `hometown`, `photo_id`) VALUES (59, 'M', '1973-09-13', 'Hayesland', 78);
INSERT INTO `profiles` (`user_id`, `sex`, `birthday`, `hometown`, `photo_id`) VALUES (60, 'M', '1984-09-09', 'Murrayburgh', 61);
INSERT INTO `profiles` (`user_id`, `sex`, `birthday`, `hometown`, `photo_id`) VALUES (61, 'P', '2018-12-29', 'New Casandrabury', 12);
INSERT INTO `profiles` (`user_id`, `sex`, `birthday`, `hometown`, `photo_id`) VALUES (62, 'D', '2000-03-22', 'North Mariahtown', 65);
INSERT INTO `profiles` (`user_id`, `sex`, `birthday`, `hometown`, `photo_id`) VALUES (63, 'D', '2017-02-20', 'West Chandler', 29);
INSERT INTO `profiles` (`user_id`, `sex`, `birthday`, `hometown`, `photo_id`) VALUES (64, 'D', '1974-09-06', 'Monicaland', 66);
INSERT INTO `profiles` (`user_id`, `sex`, `birthday`, `hometown`, `photo_id`) VALUES (65, 'P', '2011-08-06', 'Effertzmouth', 71);
INSERT INTO `profiles` (`user_id`, `sex`, `birthday`, `hometown`, `photo_id`) VALUES (66, 'D', '1977-05-21', 'Desmondmouth', 46);
INSERT INTO `profiles` (`user_id`, `sex`, `birthday`, `hometown`, `photo_id`) VALUES (67, 'P', '1992-07-15', 'North Tesstown', 81);
INSERT INTO `profiles` (`user_id`, `sex`, `birthday`, `hometown`, `photo_id`) VALUES (68, 'D', '1997-10-08', 'Port Doris', 81);
INSERT INTO `profiles` (`user_id`, `sex`, `birthday`, `hometown`, `photo_id`) VALUES (69, 'M', '1985-04-05', 'East Jennifermouth', 96);
INSERT INTO `profiles` (`user_id`, `sex`, `birthday`, `hometown`, `photo_id`) VALUES (70, 'P', '2009-08-28', 'Alexandrinefort', 22);
INSERT INTO `profiles` (`user_id`, `sex`, `birthday`, `hometown`, `photo_id`) VALUES (71, 'P', '1997-11-17', 'Lefflerton', 73);
INSERT INTO `profiles` (`user_id`, `sex`, `birthday`, `hometown`, `photo_id`) VALUES (72, 'M', '1970-01-20', 'Cartwrightton', 18);
INSERT INTO `profiles` (`user_id`, `sex`, `birthday`, `hometown`, `photo_id`) VALUES (73, 'M', '2016-02-23', 'New Casperview', 59);
INSERT INTO `profiles` (`user_id`, `sex`, `birthday`, `hometown`, `photo_id`) VALUES (74, 'D', '1989-12-01', 'West Lilianaborough', 51);
INSERT INTO `profiles` (`user_id`, `sex`, `birthday`, `hometown`, `photo_id`) VALUES (75, 'P', '1998-05-01', 'Orachester', 84);
INSERT INTO `profiles` (`user_id`, `sex`, `birthday`, `hometown`, `photo_id`) VALUES (76, 'P', '2017-05-20', 'North Garnetberg', 80);
INSERT INTO `profiles` (`user_id`, `sex`, `birthday`, `hometown`, `photo_id`) VALUES (77, 'P', '2016-03-05', 'East Leonieberg', 43);
INSERT INTO `profiles` (`user_id`, `sex`, `birthday`, `hometown`, `photo_id`) VALUES (78, 'D', '1978-07-28', 'North Odessa', 33);
INSERT INTO `profiles` (`user_id`, `sex`, `birthday`, `hometown`, `photo_id`) VALUES (79, 'M', '1983-07-17', 'North Eleanore', 36);
INSERT INTO `profiles` (`user_id`, `sex`, `birthday`, `hometown`, `photo_id`) VALUES (80, 'P', '1977-04-18', 'Wisozkfurt', 48);
INSERT INTO `profiles` (`user_id`, `sex`, `birthday`, `hometown`, `photo_id`) VALUES (81, 'M', '1970-11-18', 'Kesslerville', 39);
INSERT INTO `profiles` (`user_id`, `sex`, `birthday`, `hometown`, `photo_id`) VALUES (82, 'M', '1991-01-20', 'New Johnpaul', 42);
INSERT INTO `profiles` (`user_id`, `sex`, `birthday`, `hometown`, `photo_id`) VALUES (83, 'M', '1984-06-29', 'South Paris', 18);
INSERT INTO `profiles` (`user_id`, `sex`, `birthday`, `hometown`, `photo_id`) VALUES (84, 'D', '1986-05-15', 'New Justonland', 12);
INSERT INTO `profiles` (`user_id`, `sex`, `birthday`, `hometown`, `photo_id`) VALUES (85, 'P', '2001-06-19', 'Hackettton', 81);
INSERT INTO `profiles` (`user_id`, `sex`, `birthday`, `hometown`, `photo_id`) VALUES (86, 'M', '1997-10-31', 'East Edythe', 11);
INSERT INTO `profiles` (`user_id`, `sex`, `birthday`, `hometown`, `photo_id`) VALUES (87, 'M', '1979-09-18', 'Lake Alessandroside', 24);
INSERT INTO `profiles` (`user_id`, `sex`, `birthday`, `hometown`, `photo_id`) VALUES (88, 'M', '2011-02-11', 'Kuhnview', 84);
INSERT INTO `profiles` (`user_id`, `sex`, `birthday`, `hometown`, `photo_id`) VALUES (89, 'M', '1970-03-13', 'North Marcelluschester', 47);
INSERT INTO `profiles` (`user_id`, `sex`, `birthday`, `hometown`, `photo_id`) VALUES (90, 'M', '2007-06-26', 'New Anissa', 18);
INSERT INTO `profiles` (`user_id`, `sex`, `birthday`, `hometown`, `photo_id`) VALUES (91, 'D', '1990-04-17', 'Reichertshire', 83);
INSERT INTO `profiles` (`user_id`, `sex`, `birthday`, `hometown`, `photo_id`) VALUES (92, 'D', '2011-10-20', 'Thompsonfurt', 27);
INSERT INTO `profiles` (`user_id`, `sex`, `birthday`, `hometown`, `photo_id`) VALUES (93, 'M', '1973-01-20', 'Trentonville', 64);
INSERT INTO `profiles` (`user_id`, `sex`, `birthday`, `hometown`, `photo_id`) VALUES (94, 'D', '2018-04-17', 'Emiliomouth', 48);
INSERT INTO `profiles` (`user_id`, `sex`, `birthday`, `hometown`, `photo_id`) VALUES (95, 'P', '1983-07-21', 'Feilshire', 30);
INSERT INTO `profiles` (`user_id`, `sex`, `birthday`, `hometown`, `photo_id`) VALUES (96, 'D', '1972-05-11', 'Hackettshire', 59);
INSERT INTO `profiles` (`user_id`, `sex`, `birthday`, `hometown`, `photo_id`) VALUES (97, 'M', '1977-09-19', 'Buckridgemouth', 42);
INSERT INTO `profiles` (`user_id`, `sex`, `birthday`, `hometown`, `photo_id`) VALUES (98, 'P', '1987-02-06', 'Madysonside', 35);
INSERT INTO `profiles` (`user_id`, `sex`, `birthday`, `hometown`, `photo_id`) VALUES (99, 'M', '2018-05-03', 'Aufderharmouth', 51);
INSERT INTO `profiles` (`user_id`, `sex`, `birthday`, `hometown`, `photo_id`) VALUES (100, 'M', '2013-01-12', 'Hermanport', 45);


#
# TABLE STRUCTURE FOR: users
#

DROP TABLE IF EXISTS `users`;

CREATE TABLE `users` (
  `id` int(10) unsigned NOT NULL AUTO_INCREMENT,
  `first_name` varchar(100) COLLATE utf8_unicode_ci NOT NULL,
  `last_name` varchar(100) COLLATE utf8_unicode_ci NOT NULL,
  `email` varchar(150) COLLATE utf8_unicode_ci NOT NULL,
  `phone` varchar(100) COLLATE utf8_unicode_ci NOT NULL,
  `created_ad` datetime DEFAULT current_timestamp(),
  `updated_ad` datetime DEFAULT current_timestamp() ON UPDATE current_timestamp(),
  PRIMARY KEY (`id`)
) ENGINE=InnoDB AUTO_INCREMENT=101 DEFAULT CHARSET=utf8 COLLATE=utf8_unicode_ci;

INSERT INTO `users` (`id`, `first_name`, `last_name`, `email`, `phone`, `created_ad`, `updated_ad`) VALUES (1, 'Felix', 'Jast', 'bradtke.adeline@example.com', '1-231-563-3511x4002', '2005-02-23 07:48:10', '1980-10-10 10:46:44');
INSERT INTO `users` (`id`, `first_name`, `last_name`, `email`, `phone`, `created_ad`, `updated_ad`) VALUES (2, 'Angeline', 'Satterfield', 'van.lynch@example.com', '06581232038', '1973-03-04 03:57:40', '2003-09-05 07:37:41');
INSERT INTO `users` (`id`, `first_name`, `last_name`, `email`, `phone`, `created_ad`, `updated_ad`) VALUES (3, 'Rhoda', 'Walker', 'schulist.george@example.org', '990.736.9331', '1996-06-01 01:59:16', '1976-10-20 12:14:41');
INSERT INTO `users` (`id`, `first_name`, `last_name`, `email`, `phone`, `created_ad`, `updated_ad`) VALUES (4, 'Troy', 'O\'Conner', 'lilla.oberbrunner@example.net', '752-010-4698', '2000-06-01 08:23:00', '1985-04-17 16:38:44');
INSERT INTO `users` (`id`, `first_name`, `last_name`, `email`, `phone`, `created_ad`, `updated_ad`) VALUES (5, 'Einar', 'Watsica', 'ulices.gleason@example.com', '616.818.4069x77070', '1989-01-13 19:06:14', '1997-11-07 07:45:52');
INSERT INTO `users` (`id`, `first_name`, `last_name`, `email`, `phone`, `created_ad`, `updated_ad`) VALUES (6, 'Liza', 'Batz', 'maximus17@example.net', '(763)530-0890x87682', '1978-05-15 18:18:34', '2015-08-12 20:23:38');
INSERT INTO `users` (`id`, `first_name`, `last_name`, `email`, `phone`, `created_ad`, `updated_ad`) VALUES (7, 'Jaeden', 'Shields', 'weimann.fernando@example.net', '098-312-1420', '1986-01-15 13:53:28', '1998-11-27 05:57:05');
INSERT INTO `users` (`id`, `first_name`, `last_name`, `email`, `phone`, `created_ad`, `updated_ad`) VALUES (8, 'Macie', 'Padberg', 'uhaley@example.net', '750-557-3105', '2004-06-06 07:49:29', '2007-09-20 02:41:05');
INSERT INTO `users` (`id`, `first_name`, `last_name`, `email`, `phone`, `created_ad`, `updated_ad`) VALUES (9, 'Kathlyn', 'Kautzer', 'catherine.wilderman@example.net', '018-703-3411', '1990-04-24 20:19:34', '1997-09-15 11:35:53');
INSERT INTO `users` (`id`, `first_name`, `last_name`, `email`, `phone`, `created_ad`, `updated_ad`) VALUES (10, 'Kaya', 'Bayer', 'douglas.adrain@example.net', '(482)197-8046x89210', '2016-01-30 05:28:32', '1994-05-20 13:37:18');
INSERT INTO `users` (`id`, `first_name`, `last_name`, `email`, `phone`, `created_ad`, `updated_ad`) VALUES (11, 'Rosella', 'Jones', 'asa89@example.com', '(083)983-6682x3252', '1995-03-12 00:19:45', '2010-08-26 23:51:43');
INSERT INTO `users` (`id`, `first_name`, `last_name`, `email`, `phone`, `created_ad`, `updated_ad`) VALUES (12, 'Nova', 'McDermott', 'elittle@example.net', '+98(8)4452774360', '1996-02-05 11:51:09', '1990-12-28 22:04:29');
INSERT INTO `users` (`id`, `first_name`, `last_name`, `email`, `phone`, `created_ad`, `updated_ad`) VALUES (13, 'Monserrate', 'Hessel', 'idare@example.com', '+23(2)2126586599', '1986-06-03 15:57:27', '2013-01-17 18:38:07');
INSERT INTO `users` (`id`, `first_name`, `last_name`, `email`, `phone`, `created_ad`, `updated_ad`) VALUES (14, 'Bailey', 'Murray', 'jpaucek@example.com', '215-424-1323', '1999-01-13 19:15:54', '1987-01-13 00:54:01');
INSERT INTO `users` (`id`, `first_name`, `last_name`, `email`, `phone`, `created_ad`, `updated_ad`) VALUES (15, 'Shakira', 'Crooks', 'hprohaska@example.net', '(714)776-6542x311', '2016-11-03 20:46:22', '2000-04-11 22:18:20');
INSERT INTO `users` (`id`, `first_name`, `last_name`, `email`, `phone`, `created_ad`, `updated_ad`) VALUES (16, 'Daron', 'Kirlin', 'funk.kali@example.com', '161.009.4288x095', '2008-01-06 09:45:16', '2004-01-31 02:31:30');
INSERT INTO `users` (`id`, `first_name`, `last_name`, `email`, `phone`, `created_ad`, `updated_ad`) VALUES (17, 'Hattie', 'Hansen', 'jacynthe.beer@example.com', '345.403.9250x1972', '1996-11-14 06:04:14', '1996-07-20 02:15:22');
INSERT INTO `users` (`id`, `first_name`, `last_name`, `email`, `phone`, `created_ad`, `updated_ad`) VALUES (18, 'Lavonne', 'Baumbach', 'mallie47@example.net', '054.711.7901', '1998-03-13 09:40:55', '1976-04-07 10:02:44');
INSERT INTO `users` (`id`, `first_name`, `last_name`, `email`, `phone`, `created_ad`, `updated_ad`) VALUES (19, 'Barbara', 'Rice', 'foster88@example.net', '(865)007-3737x8106', '1999-01-06 02:38:55', '2009-07-02 11:29:18');
INSERT INTO `users` (`id`, `first_name`, `last_name`, `email`, `phone`, `created_ad`, `updated_ad`) VALUES (20, 'Tiffany', 'Klocko', 'brionna91@example.net', '(878)808-8666', '1974-12-07 01:10:55', '1979-01-11 20:37:09');
INSERT INTO `users` (`id`, `first_name`, `last_name`, `email`, `phone`, `created_ad`, `updated_ad`) VALUES (21, 'Cathryn', 'Brekke', 'nturcotte@example.net', '(541)863-2467x65747', '2006-03-28 20:55:46', '2007-10-31 02:46:43');
INSERT INTO `users` (`id`, `first_name`, `last_name`, `email`, `phone`, `created_ad`, `updated_ad`) VALUES (22, 'Emmett', 'Lowe', 'vzieme@example.net', '1-130-432-2203x204', '2016-05-13 19:05:07', '2019-09-18 10:49:14');
INSERT INTO `users` (`id`, `first_name`, `last_name`, `email`, `phone`, `created_ad`, `updated_ad`) VALUES (23, 'Anibal', 'Miller', 'micheal21@example.org', '062-791-6439', '2008-01-29 00:42:24', '2009-12-11 14:57:26');
INSERT INTO `users` (`id`, `first_name`, `last_name`, `email`, `phone`, `created_ad`, `updated_ad`) VALUES (24, 'Pablo', 'Kris', 'becker.amely@example.net', '1-346-337-3912x42499', '1972-11-26 00:57:15', '2012-02-21 03:20:53');
INSERT INTO `users` (`id`, `first_name`, `last_name`, `email`, `phone`, `created_ad`, `updated_ad`) VALUES (25, 'Allie', 'Prohaska', 'lind.lue@example.com', '(750)682-1388x7805', '1970-04-21 20:01:32', '1983-03-19 05:19:23');
INSERT INTO `users` (`id`, `first_name`, `last_name`, `email`, `phone`, `created_ad`, `updated_ad`) VALUES (26, 'Kyle', 'Skiles', 'mcglynn.jailyn@example.org', '(230)516-0996', '1971-05-16 15:00:35', '1970-09-05 11:27:49');
INSERT INTO `users` (`id`, `first_name`, `last_name`, `email`, `phone`, `created_ad`, `updated_ad`) VALUES (27, 'Marcos', 'Quigley', 'hattie20@example.org', '1-482-169-9428x9356', '2000-07-12 12:46:55', '2012-05-31 17:44:21');
INSERT INTO `users` (`id`, `first_name`, `last_name`, `email`, `phone`, `created_ad`, `updated_ad`) VALUES (28, 'Monty', 'Dickinson', 'otto.lang@example.com', '1-645-509-4136x5403', '1999-05-02 19:31:59', '2001-06-04 19:11:05');
INSERT INTO `users` (`id`, `first_name`, `last_name`, `email`, `phone`, `created_ad`, `updated_ad`) VALUES (29, 'Ali', 'McGlynn', 'jenifer.wolff@example.net', '(859)293-3004', '1971-09-25 17:23:19', '2002-02-26 00:46:50');
INSERT INTO `users` (`id`, `first_name`, `last_name`, `email`, `phone`, `created_ad`, `updated_ad`) VALUES (30, 'Tracy', 'Emmerich', 'karlee76@example.com', '252.020.3910x366', '1995-04-18 20:14:35', '2009-12-15 01:31:48');
INSERT INTO `users` (`id`, `first_name`, `last_name`, `email`, `phone`, `created_ad`, `updated_ad`) VALUES (31, 'Kallie', 'Schroeder', 'marvin32@example.net', '567-548-9135x438', '1984-11-20 00:25:00', '2014-09-16 14:51:34');
INSERT INTO `users` (`id`, `first_name`, `last_name`, `email`, `phone`, `created_ad`, `updated_ad`) VALUES (32, 'Leila', 'Koepp', 'wintheiser.favian@example.net', '1-919-859-9420x3048', '2016-10-24 12:53:40', '1992-01-24 02:05:17');
INSERT INTO `users` (`id`, `first_name`, `last_name`, `email`, `phone`, `created_ad`, `updated_ad`) VALUES (33, 'Dejon', 'Fisher', 'bauch.nettie@example.net', '432.741.9647', '1972-08-01 03:13:05', '1979-09-17 10:08:36');
INSERT INTO `users` (`id`, `first_name`, `last_name`, `email`, `phone`, `created_ad`, `updated_ad`) VALUES (34, 'Zachery', 'Kuhn', 'kaela.schneider@example.net', '501-139-9284', '1971-07-14 13:27:01', '1992-05-16 23:52:35');
INSERT INTO `users` (`id`, `first_name`, `last_name`, `email`, `phone`, `created_ad`, `updated_ad`) VALUES (35, 'Herbert', 'Abbott', 'mkoss@example.com', '(165)486-2053', '1987-05-27 16:29:05', '1977-06-14 12:00:01');
INSERT INTO `users` (`id`, `first_name`, `last_name`, `email`, `phone`, `created_ad`, `updated_ad`) VALUES (36, 'Cathrine', 'Feest', 'damian49@example.net', '044.231.3503x4981', '1979-06-14 01:19:10', '1979-11-03 17:13:03');
INSERT INTO `users` (`id`, `first_name`, `last_name`, `email`, `phone`, `created_ad`, `updated_ad`) VALUES (37, 'Kamryn', 'Hilpert', 'alyce.kuphal@example.com', '402-276-7947', '1978-09-15 20:27:39', '2002-11-19 08:02:55');
INSERT INTO `users` (`id`, `first_name`, `last_name`, `email`, `phone`, `created_ad`, `updated_ad`) VALUES (38, 'Cathryn', 'Dietrich', 'price.gorczany@example.org', '978-043-6521x5779', '2014-05-31 15:16:55', '1976-09-10 14:48:05');
INSERT INTO `users` (`id`, `first_name`, `last_name`, `email`, `phone`, `created_ad`, `updated_ad`) VALUES (39, 'Branson', 'Schmeler', 'ssmitham@example.com', '1-206-749-4039x367', '1990-09-09 02:46:16', '2013-07-12 09:35:07');
INSERT INTO `users` (`id`, `first_name`, `last_name`, `email`, `phone`, `created_ad`, `updated_ad`) VALUES (40, 'Rusty', 'Windler', 'doyle58@example.com', '055.136.7901', '1993-07-31 00:09:39', '2018-09-06 02:22:32');
INSERT INTO `users` (`id`, `first_name`, `last_name`, `email`, `phone`, `created_ad`, `updated_ad`) VALUES (41, 'Destiney', 'Farrell', 'o\'conner.hortense@example.com', '229-816-8975', '1975-04-06 12:35:35', '1996-06-17 10:42:35');
INSERT INTO `users` (`id`, `first_name`, `last_name`, `email`, `phone`, `created_ad`, `updated_ad`) VALUES (42, 'Jeremy', 'Turcotte', 'econroy@example.com', '1-279-999-2168x2297', '2007-04-04 19:08:36', '1984-01-13 05:23:06');
INSERT INTO `users` (`id`, `first_name`, `last_name`, `email`, `phone`, `created_ad`, `updated_ad`) VALUES (43, 'Weston', 'Bosco', 'sharon37@example.net', '(765)957-8885', '2006-02-11 05:21:02', '2000-02-02 10:06:09');
INSERT INTO `users` (`id`, `first_name`, `last_name`, `email`, `phone`, `created_ad`, `updated_ad`) VALUES (44, 'Liliane', 'Gusikowski', 'shirley.kling@example.org', '04100148248', '2013-11-02 18:43:00', '2004-07-09 11:31:10');
INSERT INTO `users` (`id`, `first_name`, `last_name`, `email`, `phone`, `created_ad`, `updated_ad`) VALUES (45, 'Jaylon', 'Dicki', 'hyatt.ludie@example.net', '246-048-9583x6261', '1984-02-26 07:04:15', '1983-04-11 15:25:06');
INSERT INTO `users` (`id`, `first_name`, `last_name`, `email`, `phone`, `created_ad`, `updated_ad`) VALUES (46, 'Cathrine', 'Luettgen', 'clara58@example.org', '1-327-836-3850x486', '2005-10-17 23:24:59', '1989-06-19 19:25:31');
INSERT INTO `users` (`id`, `first_name`, `last_name`, `email`, `phone`, `created_ad`, `updated_ad`) VALUES (47, 'Woodrow', 'Fisher', 'leannon.cleo@example.org', '06483167397', '2008-09-10 04:22:07', '1983-10-22 16:10:09');
INSERT INTO `users` (`id`, `first_name`, `last_name`, `email`, `phone`, `created_ad`, `updated_ad`) VALUES (48, 'Myrtice', 'Becker', 'keon.bechtelar@example.net', '05449408043', '1999-02-08 14:49:53', '1992-11-12 03:00:40');
INSERT INTO `users` (`id`, `first_name`, `last_name`, `email`, `phone`, `created_ad`, `updated_ad`) VALUES (49, 'Regan', 'Little', 'xrobel@example.com', '(470)654-5014', '1985-06-15 04:58:22', '1982-01-04 19:25:50');
INSERT INTO `users` (`id`, `first_name`, `last_name`, `email`, `phone`, `created_ad`, `updated_ad`) VALUES (50, 'Frieda', 'Hirthe', 'herzog.ocie@example.net', '05864479784', '1998-04-22 09:07:25', '1973-02-23 10:52:28');
INSERT INTO `users` (`id`, `first_name`, `last_name`, `email`, `phone`, `created_ad`, `updated_ad`) VALUES (51, 'Ivy', 'Daugherty', 'mireya.quitzon@example.org', '657.342.7295x8140', '1979-08-25 19:55:37', '2010-10-18 22:51:42');
INSERT INTO `users` (`id`, `first_name`, `last_name`, `email`, `phone`, `created_ad`, `updated_ad`) VALUES (52, 'Vicky', 'Schroeder', 'cwehner@example.com', '(799)420-4963x081', '1972-11-14 00:37:31', '1990-05-04 22:36:53');
INSERT INTO `users` (`id`, `first_name`, `last_name`, `email`, `phone`, `created_ad`, `updated_ad`) VALUES (53, 'Jonathon', 'Prosacco', 'orland42@example.org', '202-225-4550x16033', '2016-06-25 04:50:19', '1981-10-22 09:08:17');
INSERT INTO `users` (`id`, `first_name`, `last_name`, `email`, `phone`, `created_ad`, `updated_ad`) VALUES (54, 'Lavina', 'Oberbrunner', 'magdalena94@example.org', '(090)344-4111x555', '2019-03-25 19:00:38', '1987-05-24 16:26:27');
INSERT INTO `users` (`id`, `first_name`, `last_name`, `email`, `phone`, `created_ad`, `updated_ad`) VALUES (55, 'Francesco', 'Bauch', 'metz.christy@example.net', '(695)163-7467x26688', '1990-05-26 03:23:41', '1991-04-16 02:40:39');
INSERT INTO `users` (`id`, `first_name`, `last_name`, `email`, `phone`, `created_ad`, `updated_ad`) VALUES (56, 'Aylin', 'Effertz', 'leonard01@example.net', '02596209798', '1971-02-28 12:34:24', '1971-01-11 10:09:09');
INSERT INTO `users` (`id`, `first_name`, `last_name`, `email`, `phone`, `created_ad`, `updated_ad`) VALUES (57, 'Delmer', 'Crist', 'lbauch@example.org', '(409)392-0391x64290', '2019-11-07 17:56:28', '2019-11-23 00:37:19');
INSERT INTO `users` (`id`, `first_name`, `last_name`, `email`, `phone`, `created_ad`, `updated_ad`) VALUES (58, 'Noel', 'West', 'omurphy@example.com', '(956)591-1779', '2003-07-09 17:10:15', '1980-01-28 01:02:17');
INSERT INTO `users` (`id`, `first_name`, `last_name`, `email`, `phone`, `created_ad`, `updated_ad`) VALUES (59, 'Vicenta', 'Beier', 'bartell.green@example.com', '03918426962', '2016-08-30 03:50:11', '1979-10-25 03:09:25');
INSERT INTO `users` (`id`, `first_name`, `last_name`, `email`, `phone`, `created_ad`, `updated_ad`) VALUES (60, 'Amparo', 'Sporer', 'srogahn@example.net', '+06(9)7308081925', '1971-07-03 21:33:13', '1985-02-16 11:10:32');
INSERT INTO `users` (`id`, `first_name`, `last_name`, `email`, `phone`, `created_ad`, `updated_ad`) VALUES (61, 'Cornell', 'Feeney', 'alanna84@example.org', '1-867-606-2507', '1978-01-28 19:10:45', '2004-01-17 02:40:23');
INSERT INTO `users` (`id`, `first_name`, `last_name`, `email`, `phone`, `created_ad`, `updated_ad`) VALUES (62, 'Gerald', 'Blanda', 'reyna.dach@example.com', '051.235.9877', '1986-10-26 03:01:20', '1983-02-09 17:06:23');
INSERT INTO `users` (`id`, `first_name`, `last_name`, `email`, `phone`, `created_ad`, `updated_ad`) VALUES (63, 'Shayna', 'Kulas', 'weimann.marjory@example.com', '828-310-1039', '1991-03-22 08:32:52', '1987-02-27 06:46:34');
INSERT INTO `users` (`id`, `first_name`, `last_name`, `email`, `phone`, `created_ad`, `updated_ad`) VALUES (64, 'Alyce', 'Wuckert', 'lubowitz.hassan@example.net', '1-948-948-4894x0872', '1986-04-05 00:39:42', '1970-03-19 06:27:58');
INSERT INTO `users` (`id`, `first_name`, `last_name`, `email`, `phone`, `created_ad`, `updated_ad`) VALUES (65, 'Myrtice', 'Dietrich', 'pondricka@example.org', '933-171-3204', '1974-07-31 17:49:15', '2008-10-27 20:00:47');
INSERT INTO `users` (`id`, `first_name`, `last_name`, `email`, `phone`, `created_ad`, `updated_ad`) VALUES (66, 'Gloria', 'Rohan', 'norene20@example.org', '1-476-529-1951x481', '1976-08-17 21:37:05', '1973-03-23 09:49:26');
INSERT INTO `users` (`id`, `first_name`, `last_name`, `email`, `phone`, `created_ad`, `updated_ad`) VALUES (67, 'Edythe', 'Parisian', 'elta.marvin@example.org', '499-290-8489', '2000-01-21 03:31:23', '1970-09-03 16:09:10');
INSERT INTO `users` (`id`, `first_name`, `last_name`, `email`, `phone`, `created_ad`, `updated_ad`) VALUES (68, 'Derick', 'Conroy', 'nrempel@example.com', '333-156-1242', '2013-05-10 03:58:02', '1972-08-20 16:08:39');
INSERT INTO `users` (`id`, `first_name`, `last_name`, `email`, `phone`, `created_ad`, `updated_ad`) VALUES (69, 'Daniella', 'Balistreri', 'agustin.mann@example.org', '866.273.7257x57424', '1971-01-26 12:51:53', '2010-11-10 06:05:16');
INSERT INTO `users` (`id`, `first_name`, `last_name`, `email`, `phone`, `created_ad`, `updated_ad`) VALUES (70, 'Lorenz', 'Sanford', 'kulas.frank@example.net', '225-667-8331x358', '2011-12-30 16:45:04', '2012-04-01 02:51:40');
INSERT INTO `users` (`id`, `first_name`, `last_name`, `email`, `phone`, `created_ad`, `updated_ad`) VALUES (71, 'Chandler', 'Steuber', 'kuhic.dianna@example.org', '(685)171-7461x5889', '2008-04-29 09:27:46', '2004-06-17 12:46:02');
INSERT INTO `users` (`id`, `first_name`, `last_name`, `email`, `phone`, `created_ad`, `updated_ad`) VALUES (72, 'Lorena', 'Zieme', 'kulas.leta@example.org', '414-820-3969x528', '1997-04-14 05:19:39', '1976-10-19 16:42:18');
INSERT INTO `users` (`id`, `first_name`, `last_name`, `email`, `phone`, `created_ad`, `updated_ad`) VALUES (73, 'Denis', 'Ondricka', 'edaugherty@example.com', '(950)178-5510x7778', '1979-04-18 10:13:42', '1989-12-07 23:54:11');
INSERT INTO `users` (`id`, `first_name`, `last_name`, `email`, `phone`, `created_ad`, `updated_ad`) VALUES (74, 'Sean', 'Huel', 'norene61@example.org', '749.352.1500x34861', '2005-03-04 17:27:19', '1994-09-14 00:55:53');
INSERT INTO `users` (`id`, `first_name`, `last_name`, `email`, `phone`, `created_ad`, `updated_ad`) VALUES (75, 'Mariam', 'Bradtke', 'anais.o\'connell@example.net', '1-847-722-9125', '2002-12-12 21:52:30', '2018-10-03 06:39:39');
INSERT INTO `users` (`id`, `first_name`, `last_name`, `email`, `phone`, `created_ad`, `updated_ad`) VALUES (76, 'Bret', 'Schroeder', 'lemke.vickie@example.com', '790.286.3739x9728', '2017-05-11 15:20:20', '1979-02-24 05:09:13');
INSERT INTO `users` (`id`, `first_name`, `last_name`, `email`, `phone`, `created_ad`, `updated_ad`) VALUES (77, 'Brisa', 'Schowalter', 'o\'conner.lenny@example.net', '1-195-740-2920x081', '2004-05-04 14:58:59', '2003-10-13 01:17:18');
INSERT INTO `users` (`id`, `first_name`, `last_name`, `email`, `phone`, `created_ad`, `updated_ad`) VALUES (78, 'Cindy', 'Durgan', 'rking@example.org', '+44(5)8064674140', '1987-12-29 00:13:48', '1976-05-30 13:53:00');
INSERT INTO `users` (`id`, `first_name`, `last_name`, `email`, `phone`, `created_ad`, `updated_ad`) VALUES (79, 'Terrance', 'Beahan', 'hilda.murray@example.com', '905-665-8372x7876', '2010-11-07 04:35:38', '1989-08-06 12:23:16');
INSERT INTO `users` (`id`, `first_name`, `last_name`, `email`, `phone`, `created_ad`, `updated_ad`) VALUES (80, 'Otilia', 'Johnson', 'nlind@example.org', '496-908-5919', '1984-07-30 01:54:14', '2004-11-24 05:59:24');
INSERT INTO `users` (`id`, `first_name`, `last_name`, `email`, `phone`, `created_ad`, `updated_ad`) VALUES (81, 'Price', 'Bosco', 'earnestine.roob@example.org', '(399)026-4725', '2012-12-06 11:39:25', '2017-07-05 20:59:38');
INSERT INTO `users` (`id`, `first_name`, `last_name`, `email`, `phone`, `created_ad`, `updated_ad`) VALUES (82, 'Tania', 'Koelpin', 'sanford.grover@example.net', '+90(8)9201582793', '2019-07-29 22:01:56', '1986-09-07 06:54:08');
INSERT INTO `users` (`id`, `first_name`, `last_name`, `email`, `phone`, `created_ad`, `updated_ad`) VALUES (83, 'Elenora', 'Little', 'zschultz@example.com', '729-332-5603x127', '1980-03-27 16:17:03', '1981-08-18 21:11:34');
INSERT INTO `users` (`id`, `first_name`, `last_name`, `email`, `phone`, `created_ad`, `updated_ad`) VALUES (84, 'Elijah', 'Mann', 'everette69@example.org', '1-737-785-2355x1813', '1992-04-02 15:42:12', '1971-01-28 18:47:04');
INSERT INTO `users` (`id`, `first_name`, `last_name`, `email`, `phone`, `created_ad`, `updated_ad`) VALUES (85, 'Jovan', 'Barrows', 'deangelo93@example.com', '(093)792-3827x65010', '1989-04-10 16:14:32', '1989-09-11 22:53:49');
INSERT INTO `users` (`id`, `first_name`, `last_name`, `email`, `phone`, `created_ad`, `updated_ad`) VALUES (86, 'Dawson', 'Kuhic', 'ovandervort@example.org', '935-917-2643', '2007-03-22 06:22:02', '1985-06-18 11:18:51');
INSERT INTO `users` (`id`, `first_name`, `last_name`, `email`, `phone`, `created_ad`, `updated_ad`) VALUES (87, 'Mylene', 'Douglas', 'gtreutel@example.net', '901-072-5219', '1970-10-28 20:33:39', '1976-01-21 05:37:11');
INSERT INTO `users` (`id`, `first_name`, `last_name`, `email`, `phone`, `created_ad`, `updated_ad`) VALUES (88, 'Elenora', 'Larson', 'emonahan@example.org', '1-965-319-0295x4916', '1992-11-16 19:10:31', '1990-04-29 19:35:04');
INSERT INTO `users` (`id`, `first_name`, `last_name`, `email`, `phone`, `created_ad`, `updated_ad`) VALUES (89, 'Eula', 'Crooks', 'bradtke.claire@example.net', '1-373-229-2762x295', '1982-06-09 09:24:34', '1988-06-08 00:29:16');
INSERT INTO `users` (`id`, `first_name`, `last_name`, `email`, `phone`, `created_ad`, `updated_ad`) VALUES (90, 'Preston', 'Fay', 'morgan04@example.org', '478.573.4079', '2003-10-30 06:22:18', '2015-08-30 09:54:16');
INSERT INTO `users` (`id`, `first_name`, `last_name`, `email`, `phone`, `created_ad`, `updated_ad`) VALUES (91, 'Mozelle', 'Romaguera', 'romaguera.marge@example.net', '1-162-506-1872x62309', '1975-09-08 03:21:22', '1996-06-17 05:51:28');
INSERT INTO `users` (`id`, `first_name`, `last_name`, `email`, `phone`, `created_ad`, `updated_ad`) VALUES (92, 'Hulda', 'Waters', 'zula27@example.org', '1-050-186-4151x47206', '1992-10-06 08:58:52', '2012-05-12 20:38:37');
INSERT INTO `users` (`id`, `first_name`, `last_name`, `email`, `phone`, `created_ad`, `updated_ad`) VALUES (93, 'Godfrey', 'Rolfson', 'qbraun@example.com', '(591)884-2840', '2002-03-06 05:55:32', '1977-09-01 08:50:40');
INSERT INTO `users` (`id`, `first_name`, `last_name`, `email`, `phone`, `created_ad`, `updated_ad`) VALUES (94, 'Elenora', 'Wolff', 'morissette.nathen@example.org', '925-978-0210x33401', '1972-07-09 06:04:55', '2003-07-21 02:52:09');
INSERT INTO `users` (`id`, `first_name`, `last_name`, `email`, `phone`, `created_ad`, `updated_ad`) VALUES (95, 'Tyra', 'Lehner', 'aurelio.rogahn@example.net', '481-562-8102x6926', '1973-05-24 10:31:42', '1974-01-09 07:25:10');
INSERT INTO `users` (`id`, `first_name`, `last_name`, `email`, `phone`, `created_ad`, `updated_ad`) VALUES (96, 'Suzanne', 'Spinka', 'ward.walker@example.com', '(405)548-5600', '1979-09-20 08:30:10', '2009-11-01 00:39:18');
INSERT INTO `users` (`id`, `first_name`, `last_name`, `email`, `phone`, `created_ad`, `updated_ad`) VALUES (97, 'Margarete', 'Pagac', 'runolfsson.arnulfo@example.net', '666.748.8226', '2015-10-19 16:39:34', '1999-09-20 16:45:27');
INSERT INTO `users` (`id`, `first_name`, `last_name`, `email`, `phone`, `created_ad`, `updated_ad`) VALUES (98, 'Brionna', 'Leuschke', 'ggreenholt@example.com', '202-380-3786', '1998-11-13 14:04:09', '1976-03-06 20:55:20');
INSERT INTO `users` (`id`, `first_name`, `last_name`, `email`, `phone`, `created_ad`, `updated_ad`) VALUES (99, 'Katrina', 'Wisozk', 'bettie.kirlin@example.com', '627.480.6138x6489', '1997-09-23 06:58:22', '1988-01-06 06:33:44');
INSERT INTO `users` (`id`, `first_name`, `last_name`, `email`, `phone`, `created_ad`, `updated_ad`) VALUES (100, 'Vern', 'Veum', 'sherman.kutch@example.net', '1-919-928-0106x544', '1995-07-20 06:05:17', '1982-08-13 18:22:04');


